Workbook

Sheet BS I A
A5: N° | B5: N° DE INSCRIPCIÓN | C5: ACTO RESOLUTIVO | D5: FECHA DE RD (DIA/MES/AÑO) | E5: FECHA DE PUBLICACION RD | F5: RENIPRESS | G5: CATEGORIA | H5: DIRESA/GERESA | I5: IPRESS | J5: DISTRITO | K5: PROVINCIA | L5: REGION | M5: DIRECCIÓN | N5: SUBSECTOR | O5: DIRECTOR | P5: CONTACTO | Q5: JEFE DE BANCO DE SANGRE | R5: CONTACTO | S5: Personal | T5: Patólogo Clínico | U5: Otras Especial | V5: T.M. | W5: Biol. | X5: N° EXPEDIENTES | Y5: CONVENIO | Z5: MODIFICACIÓN EN RECURSOS HUMANOS, INFRAESTRUCTURA, EQUIPAMIENTO, CONVENIOS, ETC.
A6: 1 | B6: PER-BSIA150114-001 | C6: R.D. N° 002-2022 DIGDOT/MINSA | D6: 44874 | E6: 44909 | F6: 22113 | G6: II-E | H6: DIRIS LIMA ESTE | I6: CLÍNICA SANTA JULIA | J6: LA MOLINA | K6: LIMA | L6: LIMA | M6: AV. JAVIER PRADO N° 7118 | N6: PRIVADO | O6: Dr. OSCAR ALBERTO ALVARADO GALINDO | P6: oscaralvarado44@yahoo.es | Q6: Médico Patólogo Clínico Reynaldo Giovanni Estela Ramírez | R6: Cel: 996228972 correo: Reyesra98@yahoo.com | S6: Médico Patólogo Clínico Reynaldo Giovanni Estela Ramírez, T.M. Santos Juan Auqui Sulca, T.M. Jorge Antonio Vásquez Epequin | T6: 1 | U6: 0 | V6: 2 | W6: 0 | X6: N° 2022-0042252, N° 2022-0048706 | Y6: POR REGULARIZAR | AB6: PRIVADO | AC6: =COUNTIF($N$6:$N$595,"PRIVADO") -> 236
A7: 2 | B7: PER-BSIA150117-002 | C7: R.D. N° 003-2022 DIGDOT/MINSA | D7: 44874 | E7: 44909 | F7: 9641 | G7: II-E | H7: DIRIS LIMA NORTE | I7: CLÍNICA MUNDO SALUD | J7: LOS OLIVOS | K7: LIMA | L7: LIMA | M7: AV. CARLOS IZAGUIRRE N° 1234 | N7: PRIVADO | O7: Dra. MONICA BEATRIZ ALFONSO SALAS | P7: Cel: 989011384 - 942474041 | Q7: Médico Patólogo Clínico Wilder Eduardo Ramos Castillo | R7: Cel: 971500688 correo: willy.erc2308@gmail.com | S7: TM. Roxana Valer Vilcahuaman, TM. Miriam Loayza Yasonna, TM Milena Chavez | T7: 1 | U7: 0 | V7: 3 | W7: 0 | X7: N° 2022-0040639, N° DIGDOT20220000376 | Y7: POR REGULARIZAR | Z7: comunica horario de atencion de 8am a 8pm | AB7: MINSA | AC7: =COUNTIF($N$6:$N$596,"MINSA") -> 48
A8: 3 | B8: PER-BSIA150130-003 | C8: R.D. N° 004-2022 DIGDOT/MINSA R.D. N.° 016-2025-DIGDOT-MINSA | D8: 9/11/2022 28/02/2025 | E8: 14/12/2022 28/02/2025 | F8: 33189 | H8: DIRIS LIMA CENTRO | I8: CLÍNICA INSTITUTO ONCOLÓGICO PERUANO S.A.C. (SUSPENSION DEFINITIVA) | J8: SAN BORJA | K8: LIMA | M8: JR. EDUARDO ORDOÑEZ N° 215 | O8: Dr. GERARDO JIMMY CAMPOS SICCHA | P8: Cel: 993061742 | Q8: Médico especialista en Patología y Laboratorio Clínico Cesar Augusto Chian García | R8: Cel: 990380377 correo: cesar.chian@upch.pe | S8: Médico en Patología y Lab. Clínico Cesar Augusto Chian García, Médico Hematóloga Melissa Caterina Morales Coloma, T.M. Rosa Elena Chumpitaz Arias, T.M. Ángel Satoshi Villegas Pérez, T.M. Jaime Eberto Carrión Basauri, Téc. Lab. Víctor Miguel Vásquez Robles | T8: 0 | U8: 2 | V8: 3 | W8: 0 | X8: N° 2022-0051539, N° 2022-0039799 | Y8: POR REGULARIZAR | AB8: ESSALUD | AC8: =COUNTIF($N$6:$N$597,"ESSALUD") -> 22
A9: 4 | B9: PER-BSIA040129-004 | C9: R.D. N° 005-2022 DIGDOT/MINSA | D9: 44874 | E9: 44999 | F9: 24554 | G9: II-E | H9: GERESA AREQUIPA | I9: CLÍNICA UROSUR | J9: JOSÉ LUIS BUSTAMANTE Y RIVERO | K9: AREQUIPA | L9: AREQUIPA | M9: URN. LA ESPERANZA E-6 | N9: PRIVADO | O9: Dra. ROXANA PONCE QUISPE | P9: 054 - 423738 | Q9: Médica Patóloga Clínica Gleidy Mallma Vilca | R9: Cel: 974218956 correo: gleidy432@gmail.com | S9: Médica Patóloga Clínica Gleidy Mallma Vilca, T.M. Milagros Del Rosario Chávez, T.M. Obdulia Jenne Ortiz Astorga, Bióloga Erika Gladiz Ninahuaman Aracayo | T9: 1 | U9: 0 | V9: 2 | W9: 1 | X9: N°2022-00406329 | Y9: POR REGULARIZAR | AB9: FFAA | AC9: =COUNTIF(N6:N598,"FFAA") -> 3
A10: 5 | B10: PER-BSIA040101-005 | C10: R.D. N° 006-2022 DIGDOT/MINSA | D10: 44874 | E10: 44909 | F10: 31854 | G10: II-E | H10: GERESA AREQUIPA | I10: CLÍNICA SERMEDIAL | K10: AREQUIPA | L10: AREQUIPA | M10: CALLE FRANCISCO IBÁÑEZ N° 100 UMACOLLO | N10: PRIVADO | O10: Ing. PAOLA ZAMALLOA ARANIBAR (ADMINIST) | P10: Cel: 958790652 | Q10: Médica especialista en Anatomía Patológica y Lab. Clínico Gonzales Durand Yvonne | R10: Cel: 959915177 correo: yvonnegonzalesd@gmail.com | S10: Médico en Anatomía Patológica y Lab. Clínico Gonzales Durand Yvonne, T.M. Diana Aide Herrera Paredes, Bióloga Nadia Carmela Santos, Bióloga Shirley Sandra Campos Beltrán, Biólogo Daniel Santos Lique Zurita | T10: 0 | U10: 1 | V10: 1 | W10: 3 | X10: N° 2022-0046422, N° 2022-0054509 | Y10: POR REGULARIZAR | AB10: PNP | AC10: =COUNTIF(N6:N599,"PNP") -> 0
A11: 6 | B11: PER-BSIA040107-006 | C11: R.D. N° 009-2022 DIGDOT/MINSA | D11: 44880 | E11: 44909 | F11: 17588 | G11: II-E | H11: GERESA AREQUIPA | I11: CLÍNICA DE REPRODUCCIÓN Y GENÉTICA - CLÍNICA MELO | J11: JACOBO HUNTER | K11: AREQUIPA | L11: AREQUIPA | M11: CALLE NICARAGUA L-10 | N11: PRIVADO | O11: Dr. BERNABÉ ROGELIO MELO DUEÑAS | P11: Cel: 993061742 | Q11: Médica Patóloga Clínica Yesica Zevallos Molleda | R11: Cel: 977129135 correo: yesicazemo28@hotmail.com | S11: Médica Patóloga Clínica Yesica Zevallos Molleda, T.M. José Carlos Martínez Montes, Bióloga Rocío Zevallos Cayro | T11: 1 | U11: 0 | V11: 1 | W11: 1 | X11: N° 2022-0045974, N° 2022-0054567 | Y11: POR REGULARIZAR | AB11: APP | AC11: =COUNTIF(N6:N600,"APP") -> 0
A12: 7 | B12: PER-BSIA150121-007 | C12: R.D. N° 007-2022 DIGDOT/MINSA | D12: 44874 | E12: 44909 | F12: 15077 | G12: II-E | H12: DIRIS LIMA CENTRO | I12: LIGA CONTRA EL CÁNCER - PERÚ | J12: PUEBLO LIBRE | K12: LIMA | L12: LIMA | M12: AV. BRASIL N° 2746 | N12: PRIVADO | O12: Dra. DAMARY MILLA SAAVEDRA | P12: 01 204-0404 cel: 988562238 correo: ligacancer@ligacancer.org.pe | Q12: Médica Patóloga Clínica Evelyn Norabuena Mautino | R12: Cel: 953950676 correo: evnoma@hotmail.com | S12: Médica Patóloga Clínica Evelyn Norabuena Mautino, T.M. Marañón Bendezú Ruth Guadalupe, Tec. Lab. Ana Flor Marca Pérez | T12: 1 | U12: 0 | V12: 1 | W12: 0 | X12: N° 2022-0061080, N° 2022-0069696 | Y12: POR REGULARIZAR | AC12: =SUM(AC6:AC11) -> 309
A13: 8 | B13: PER-BSIA040126-008 | C13: R.D. N° 011-2022 DIGDOT/MINSA | D13: 44893 | E13: 44907 | F13: 25732 | G13: II-E | H13: GERESA AREQUIPA | I13: NOVA CLINIC EXCELLENCE S.A.C. - NOVA CLÍNICA QUIRÚRGICA | J13: YANAHUARA | K13: AREQUIPA | L13: AREQUIPA | M13: CALLE ALFONSO UGARTE N° 652 | N13: PRIVADO | O13: Dra. JAQUELINE CRUZ VARGAS | P13: novaclinicarequipa@gmail.com | Q13: Médica Patóloga Clínica Cecilia Manrique Sam | R13: Cel: 989687151; correo: mcmanriques1@hotmail.com | S13: Médica Patóloga Clínica Cecilia Manrique Sam, T.M. Claudia del Pilar Molleda Huerta, T.M. Gabriela Sofía Manrique Almenara, T.M. Juan Alberto Ccallata Arizaca, Bióloga Jessika Paola Pickman Medina | T13: 1 | U13: 0 | V13: 3 | W13: 1 | X13: N° 2022-0075211, N° DIGDOT20220000451 | Y13: POR REGULARIZAR
A14: 9 | B14: PER-BSIA150136-009 | C14: R.D. N° 012-2022 DIGDOT/MINSA | D14: 44895 | E14: 44999 | F14: 8564 | G14: II-1 | H14: DIRIS LIMA CENTRO | I14: HOSPITAL I OCTAVIO MONGRUT MUÑOZ | J14: SAN MIGUEL | K14: LIMA | L14: LIMA | M14: AVENIDA PARQUE LAS LEYENDAS N° 255 | N14: ESSALUD | O14: Dr. Roger Augusto, BEVILACQUA WONG | P14: roger.bevilacqua@essalud.gob.pe | Q14: Medico Patologo Oscar Daniel Alama Bazan | R14: Cel: 941423820 correo: | S14: Médico Patólogo Clínico Oscar Daniel Alama Bazan, T.M. Cristina Morals Peña, T.M. Angel Leiva Bazan, T.M.Giovanna Granda Carrion, T.M. Francisco Ortiz Canasa, T.M.Alba Vilca Cabana | T14: 1 | U14: 0 | V14: 5 | W14: 0 | X14: N° 2022-0074635 , N° 2022-0084778 | Y14: POR REGULARIZAR
A15: 10 | B15: PER-BSIA130101-010 | C15: R.D. N° 013-2022 DIGDOT/MINSA | D15: 44895 | E15: 44909 | F15: 33905 | G15: II-E | H15: GERESA LA LIBERTAD | I15: CLIN.ZEGARRA-CIRUG.PLAST.Y MED.ESTET.SAC – CLÍNICA ZEGARRA SAC | J15: TRUJILLO | K15: TRUJILLO | L15: LA LIBERTAD | M15: CALLE SAN ANDRÉS N° 356 | N15: PRIVADO | O15: ANTERO WALTER ZEGARRA CARRANZA (Gerente General) | P15: CEL: 943360743 EMAIL: CLINICAZEGARRA.TRUJILLO@GMAIL.COM | Q15: MÉDICO PATÓLOGO CLÍNICO KAREN CASTILLO MINAYA | R15: CEL: 943868974 EMAIL: KAREN_YACAMI@YAHOO.COM | S15: M.C. KAREN CASTILLO MINAYA, T.M ANA MARÍA ARTEAGA CHAVEZ, T.M. YENI MARILU ROLDAN ARTEAGA | T15: 1 | U15: 0 | V15: 2 | W15: 0 | X15: N° 2022-0082167 | Y15: CLINICA PADRE LUIS TEZZA | AB15: DEPARTAMENTO | AC15: CANTIDAD
A16: 11 | B16: PER-BSIA120501-011 | C16: R.D. N° 018-2022 DIGDOT/MINSA | D16: 44897 | E16: 44908 | F16: 519 | G16: II-1 | H16: DIRESA JUNIN | I16: RED DE SALUD JUNIN - HOSPITAL DE APOYO JUNIN | J16: JUNIN | K16: JUNIN | L16: JUNIN | M16: JR. SAENZ PEÑA N° 690 - LADO OESTE | N16: MINSA | O16: Fredy Quispe Gomez | P16: dirsaludjunin@gmail.com, yuriach@gmail.com | Q16: DR. YURI ALIAGA CHAVEZ | R16: Cel: 940309513 - Correo: yuriach@gmail.com | S16: Médico Cirujano Yuri Aliaga Chavez, TM Victor Quesquen Carrillo, TM Nancy Luz Cedano Clemente, TM Diana Angela Saravia Pamo | T16: 0 | U16: 1 | V16: 1 | W16: 1 | X16: N° 2022-0073653 | Y16: POR REGULARIZAR | AB16: AREQUIPA | AC16: =COUNTIF($L$6:$L$595,AB16) -> 27
A17: 12 | B17: PER-BSIA120101-012 | C17: R.D. N° 016-2022 DIGDOT/MINSA | D17: 44897 | E17: 44926 | F17: 25973 | G17: II-E | H17: DIRESA JUNIN | I17: CLINICA ZARATE E.I.R.L. | J17: HUANCAYO | K17: HUANCAYO | L17: JUNIN | M17: AV. URUGUAY N° 533 | N17: PRIVADO | O17: Dr. Diego Matos Knutsen | P17: mariazaratecristobal27@gmail.com | Q17: Dra. Kellina Almora León | R17: Cel: 944828131 correo: walterpando@hotmail.com | S17: Dra. Kellina Almora León, T.M. Wendy Palomino Lazo, T.M.Sheyla Aranda Sanabria | T17: 0 | U17: 1 | V17: 2 | W17: 0 | X17: N° 2022-0076348 | Y17: POR REGULARIZAR | AB17: CAJAMARCA | AC17: =COUNTIF($L$6:$L$595,AB17) -> 17
A18: 13 | B18: PER-BSIA150501-013 | C18: R.D. N° 019-2022-DIGDOT/MINSA | D18: 44900 | E18: 44999 | F18: 29024 | G18: II-E | H18: DIRESA LIMA | I18: CLÍNICA DANIEL ALCIDES CARRIÓN CAÑETE E.I.R.L. | J18: SAN VICENTE DE CAÑETE | K18: CAÑETE | L18: LIMA | M18: URB. BEATO JOSEMARIA ESCRIBA DE BALAGUER LOS REYES I-16 | N18: PRIVADO | O18: Dra. BELLA MILAGROS ALEGRÍA LOZANO | P18: milagrosalegria30@hotmail.com | Q18: Dr. Zahnder Cubas Bances (YA NO ES JEFE) | R18: Cel: 965606523 correo: zahndercubas@gmail.com | S18: Médico Patólogo Clínico Zahnder Cubas Bances, Tecnóloga Médica Mayra Paulina Estrada Muñoz, Tecnólogo Médico Gustavo Ricardo Cama Cruz | T18: 1 | U18: 0 | V18: 2 | W18: 0 | X18: N° 2022-0069311, N° 2022-0091413 | Y18: POR REGULARIZAR | AB18: CALLAO | AC18: =COUNTIF($L$6:$L$595,AB18) -> 2
A19: 14 | B19: PER-BSIA120114-014 | C19: R.D. N° 021-2022 DIGDOT/MINSA | D19: 44909 | E19: 44926 | F19: 25383 | G19: II-E | H19: DIRESA JUNIN | I19: CLINICA MEDICO QUIRURGICO HUANCAYO E.I.R.L | J19: EL TAMBO | K19: HUANCAYO | L19: JUNIN | M19: AV.HUANCAVELICA NRO 1285 | N19: PRIVADO | O19: LEONARDO ENRIQUE GUILLERMO CUBAS | P19: clinicahuancayo@gmail.com , Cel: 955742727 | Q19: Medico Patologo Clinico Julio Troncoso Mena | R19: Cel: 947803062 | S19: Medico Patologo Clinico Julio Troncoso Mena | T19: 1 | U19: 2 | V19: 2 | W19: 0 | X19: N°2022-0080981 | Y19: POR REGULARIZAR | AB19: CUSCO | AC19: =COUNTIF($L$6:$L$595,AB19) -> 22
A20: 15 | B20: PER-BSIA100101-015 | C20: R.D. N° 022-2022 DIGDOT/MINSA | D20: 44909 | E20: 44926 | F20: 21062 | G20: II-E | H20: DIRESA HUANUCO | I20: CLÍNICA SAN JUAN BOSCO E.I.R.L. | J20: HUÁNUCO | K20: HUÁNUCO | L20: HUANUCO | M20: JR. DOS DE MAYO N° 1616 | N20: PRIVADO | O20: ALVARO FABRICIO FERNANDEZ PORTUGAL | P20: CEL 962819802 | Q20: MÉDICO ANATOMO PATÓLOGO CARLOS ALAN ESTELA CHAVEZ | R20: CEL: 948675874 | S20: T.M. GERMAN ANTONIO CAYO LOAYZA, T.M. CRISTOBAL ANTONIO BAUTISTA ESCOBAR | T20: 0 | U20: 1 | V20: 2 | W20: 0 | X20: N°2022-0097818 | Y20: POR REGULARIZAR | AB20: HUANCAVELICA | AC20: =COUNTIF($L$6:$L$595,AB20) -> 4
A21: 16 | B21: PER-BSIA150132-016 | C21: R.D. N° 026-2022 DIGDOT/MINSA | D21: 44916 | E21: 44926 | F21: 9090 | G21: II-1 | H21: DIRIS LIMA CENTRO | I21: PROMOTORA ASISTENCIAL S.A.C CLÍNICA LIMATAMBO-PROMOSA CLINICA LIMATAMBO SEDE SJL | J21: SAN JUAN DE LURIGANCHO | K21: LIMA | L21: LIMA | M21: AV. PROCERES DE LA INDEPENDENCIA N° 2701 | N21: PRIVADO | O21: EDGARDO BERTILO MALPARTIDA FANTINI | P21: Jsalazar@clinicalimatambo.com | Q21: Medico Patologo .Carmen Estacio Rojas | R21: 942822764 Administradora Srta jazmin Fernandez | S21: T.M EDUAR PAUL CAYETANO MENDEZ , T.M . JESSICA AIMA HUALLPA | T21: 1 | U21: 0 | V21: 2 | W21: 0 | X21: N°2022-0096450 - 2022-0107117 | Y21: POR REGULARIZAR | AB21: HUANUCO | AC21: =COUNTIF($L$6:$L$595,AB21) -> 6
A22: 17 | B22: PER-BSIA120114-017 | C22: R.D. N° 025-2022 DIGDOT/MINSA | D22: 44916 | E22: 44926 | F22: 25970 | G22: II-1 | H22: DIRESA JUNIN | I22: CLINICA REBAGLIATI | J22: EL TAMBO | K22: HUANCAYO | L22: JUNIN | M22: CALLE PIRITA N°191 | N22: PRIVADO | O22: Dr. Geovanny Paucar Condori | P22: clinicarebagliati@hotmail.com | Q22: Medico Hematologo Walter Italo Pando Rojas | R22: Cel: 968348797 correo: walterpando@gmail.com | S22: LIC. TECNOLOGO DANNA DELISA TERRAZOS ROMERO, TEC. LUZ MILAGROS DE LA CRUZ CURAZZI | T22: 0 | U22: 1 | V22: 1 | W22: 0 | X22: N° 2022-0082757, N°2022-0101004 | Y22: POR REGULARIZAR | AB22: ICA | AC22: =COUNTIF($L$6:$L$595,AB22) -> 11
A23: 18 | B23: PER-BSIA150122-018 | C23: R.D. N° 024-2022 DIGDOT/MINSA | D23: 44916 | E23: 46135 | F23: 11849 | G23: II-E | H23: DIRIS LIMA CENTRO | I23: CLINICA MIRAFLORES S.A.C | J23: MIRAFLORES | K23: LIMA | L23: LIMA | M23: AV. JOSE ENCINAS N° 141 | N23: PRIVADO | O23: DR. Agusto Felipe Ascenzo Aparicio | P23: ginefert@igf.com.pe / 016109696 | Q23: Médico Patólogo Dra. Ana Maria Corilloclla Flores | R23: 990006975 | S23: TM KAREN HUAMANI CAJALEON, TM MAGDA DEL ROSARIO NUNAYALLE VARGAS, TM DUBRASKA YETSEBELL GONZALES MORA, TM RUTH DOMINGUEZ TRUJILLO, BLG LUZ ANGELA LAZARTE GALVAN | T23: 1 | U23: 1 | V23: 3 | W23: 1 | X23: N° 2022-0089026, N°2022-0109023 | Y23: CLINICA ANGLOAMERICANA | AB23: JUNIN | AC23: =COUNTIF($L$6:$L$595,AB23) -> 10
A24: 19 | B24: PER-BSIA090301-019 | C24: R.D. N° 002-2023 DIGDOT/MINSA | D24: 44930 | E24: 44949 | F24: 3943 | G24: II-1 | H24: DIRESA HUANCAVELICA | I24: HOSPITAL DE LIRCAY | J24: LIRCAY | K24: ANGARAES | L24: HUANCAVELICA | M24: AV. ESMERALDA S/N BELLAVISTA | N24: MINSA | O24: DR.JUAN OTAÑE RODRIGUEZ | P24: juan_a2108@hotmail.com , Hospitaldelircay_Ang_Hvca@Outlook.com | Q24: Medico General Yim Ivan Mauri Vasquez | R24: Obta.Ramos 982503800 | S24: Medico General Yim Ivan Mauri Vasquez | T24: 0 | U24: 1 | V24: 4 | W24: 0 | X24: N° 2022-0099202, 2022-0087051 y 2022-0117080 | Y24: POR REGULARIZAR | AB24: LA LIBERTAD | AC24: =COUNTIF($L$6:$L$595,AB24) -> 18
A25: 20 | B25: PER-BSIA140101-020 | C25: R.D. N° 001-2023 DIGDOT/MINSA | D25: 44930 | E25: 44949 | F25: 29146 | G25: II-E | H25: GERESA LAMBAYEQUE | I25: CLINICA SAN EDUARDO - CLINICA FLORIAN S.A.C. | J25: CHICLAYO | K25: CHICLAYO | L25: LAMBAYEQUE | M25: CALLE 7 DE ENERO SUR 264 | N25: PRIVADO | O25: DR. JUAN JULIO FLORIAN CABELLOS | P25: laboratorios.saneduardo@gmail.com | Q25: Medico Patologo: Dra. Angela Yovera Puican | R25: Cel: 978835551 - anyi130@hotmail.com | S25: Medico Patologo: Angela Yovera Puican , Blg. Cinthia Rojas Muñoz , TM. Morales Nunez Olga, TM. Anderson Ramos Diaz | T25: 1 | U25: 0 | V25: 2 | W25: 1 | X25: N° 2022-0090255 | Y25: POR REGULARIZAR | AB25: LAMBAYEQUE | AC25: =COUNTIF($L$6:$L$595,AB25) -> 9
A26: 271 | B26: PER-BSIA110201 -273 | C26: R.D N°090-2025-DIGDOT/MINSA | D26: 45887 | E26: 45889 | F26: 10559 | G26: II-1 | H26: DIRESA ICA | I26: CLINICA DANIEL A. CARRION | J26: CHINCHA ALTA | K26: CHINCHA | L26: ICA | M26: AV. IDELFONSO Nº 226 - JR. LIMA N° 566 | N26: PRIVADO | O26: ALFONSO ORMEÑO VILLA | P26: cdacsa@hotmail.com | Q26: ALICIA ANTOINETTE ARIZOLA AGUADO | R26: 950999223 | S26: LIC. OLGA ARGUEDAS ANTON, LIC. MARIA NELLY MEZA ACEVEDO, LIC. MARIA DELGADO DIAZ | T26: 1 | U26: 0 | V26: 3 | W26: 0 | X26: 2025- 0137727, 2025-0157964 | Y26: POR REGULARIZAR | AB26: LIMA | AC26: =COUNTIF($L$6:$L$600,AB26) -> 98
A27: 22 | B27: PER-BSIA150117-022 | C27: R.D. N° 009-2023 DIGDOT/MINSA | D27: 44939 | E27: 44953 | F27: 17385 | G27: II-E | H27: DIRIS LIMA NORTE | I27: CLINICA SAN BARTOLOME | J27: LOS OLIVOS | K27: LIMA | L27: LIMA | M27: AV. CARLOS IZAGUIRRE N° 1142 | N27: PRIVADO | O27: JORGE ELIAS PALACIOS BAZAN | P27: clinicasanbartolome@hotmail.com | Q27: Medico Patologo: Jorge Martin Ruiz Cotrina | R27: Lic. Edison Nina: 940 249 827 | S27: Medico Patologo: Jorge Martin Ruiz Cotrina, TM. Edison Nina Carpio, TM. Reynaldo Artica Vicente, T.M. Evelyne Tracy Paredes Sipan | T27: 1 | U27: 0 | V27: 3 | W27: 0 | X27: N° 2022-0118036 y 2023-0005017 | Y27: HOSPITAL E. SERGIO BERNALES | AB27: LORETO | AC27: =COUNTIF($L$6:$L$595,AB27) -> 4
A28: 23 | B28: PER-BSIA040126-023 | C28: R.D. N° 004-2023 DIGDOT/MINSA | D28: 44938 | E28: 44953 | F28: 21966 | G28: II-E | H28: GERESA AREQUIPA | I28: INSTITUTO DE ESPECIALIDADES MÉDICAS QUIRÚRGICAS Y ONCOLÓGICAS SEÑOR DE LA MISERICORDIA - CLÍNICA ALIVIARI | J28: YANAHUARA | K28: AREQUIPA | L28: AREQUIPA | M28: CALLE LEON VELARDE N° 406 | N28: PRIVADO | O28: PATRICIO GONZALO AZÁLGARA LAZO | P28: administracion@aliviari.com | Q28: MÉDICO PATOLOGO: LUIS ANTONIO VIZCARRA ZEGARRA | R28: ADMINISTRADOR: 993380851 | S28: T.M. GUADALUPE MIRELLA COILO. TM. LEIDY YAMILET CANO QUISPE | T28: 1 | U28: 0 | V28: 2 | W28: 0 | X28: N°2022-0112741, N°2023-0003612. | Y28: POR REGULARIZAR | AB28: PIURA | AC28: =COUNTIF($L$6:$L$595,AB28) -> 17
A29: 24 | B29: PER-BSIA150113-024 | C29: R.D.N° 013-2023 DIGDOT/MINSA | D29: 44942 | E29: 44949 | F29: 20346 | G29: II-E | H29: DIRIS LIMA CENTRO | I29: SERVICIOS ASISTENCIALES SANTA BEATRIZ S.A.C. - CLINICA SANTA BEATRIZ | J29: JESUS MARIA | K29: LIMA | L29: LIMA | M29: JR. RAMON DAGNINO N° 227 | N29: PRIVADO | O29: ALEXIS ROMERO ROMERO | P29: aromero@clinicasantabeatriz.pe | Q29: Médico Patólogo: Noelia Valdez Arroyo (Cambio de jefatura, ver celda Y29) | R29: Cel. Dra Noelia Valdez.988115674 | S29: TM MIGUEL ORDERIQUE, TM DAVID MAYLLE, TM SANCHEZ MASLUCAN | T29: 1 | U29: 0 | V29: 3 | W29: 0 | X29: N°2022-0098487. N°2022-0114700 | Y29: POR REGULARIZAR | Z29: (2026) Jefe de Banco: Jesús Alberto Diaz Franco | AB29: SAN MARTIN | AC29: =COUNTIF($L$6:$L$595,AB29) -> 13
A30: 25 | B30: PER-BSIA200101-025 | C30: R.D. N° 007-2023 DIGDOT/MINSA | D30: 44938 | E30: 44953 | F30: 26928 | G30: II-E | H30: DIRESA PIURA | I30: CLINICA LA FLORIDA SAC | J30: PIURA | K30: PIURA | L30: PIURA | M30: AV. RICHARD CUSHING N° 208 - 282 | N30: PRIVADO | O30: MIGUEL ALBERTO CHAVARRI VARGAS | P30: clinicalafloridasac@outlook.com, mickychavarri@hotmail.com | Q30: Medico Patologo Clinico Kely Magali Velásquez Torres | R30: CEL DR.CHAVARRI: 968 956 825 | S30: Medico Patologo Clinico Kely Magali Velásquez Torres | T30: 1 | U30: 0 | V30: 5 | W30: 0 | X30: N° 2023-0000322, N°2023-0000788 y N°2023-00048477 | Y30: POR REGULARIZAR | AB30: TACNA | AC30: =COUNTIF($L$6:$L$595,AB30) -> 3
A31: 26 | B31: PER-BSIA150113-026 | C31: R.D. N° 011-2023 DIGDOT/MINSA | D31: 44939 | E31: 44953 | F31: 26793 | G31: II-E | H31: DIRIS LIMA CENTRO | I31: NUEVA CLINICA DE LIMA SAC | J31: JESUS MARIA | K31: LIMA | L31: LIMA | M31: AV. BRASIL N° 1199 | N31: PRIVADO | O31: DR. GLYCERIO YURI ARROYO TOVAR | P31: ADMINISTRACION@BELLAFORMA.COM | Q31: MEDICO PATOLOGO: Carlos Mendoza Euribe | S31: Tecnólogo Médico: Mauro Durand Ocaña | T31: 1 | U31: 0 | V31: 1 | W31: 0 | X31: 2022-0105567 2022-0114521 2023-0003542 | Y31: POR REGULARIZAR | AB31: UCAYALI | AC31: =COUNTIF($L$6:$L$595,AB31) -> 5
A32: 27 | B32: PER-BSIA100101-027 | C32: R.D. N° 010-2023 DIGDOT/MINSA | D32: 44939 | E32: 44953 | F32: 11592 | G32: II-E | H32: DIRESA HUANUCO | I32: CLINICA HUANUCO E.I.R.L. | J32: HUÁNUCO | K32: HUÁNUCO | L32: HUANUCO | M32: JR. CONSTITUCION N° 980 | N32: PRIVADO | O32: FAUSTINIANO VENTURO CASTRO | P32: clinicahuanuco@hotmail.com | Q32: MÉDICO ANATOMO PATÓLOGO JUAN WILDER MOTTA RODRIGUEZ | R32: Cel: 950519393 | S32: Anatomo Patológo: Motta Rodríguez Juan Wilder, TM.Cayo Loayza German Antonio, TM. Bautista Escobar Cristóbal Antonio | T32: 0 | U32: 1 | V32: 2 | W32: 0 | X32: N° 2022-0114184 y N° 2022- 0118569 | Y32: HOSPITAL REGIONAL HERMILIO VALDIZAN MEDRANO | AB32: MOQUEGUA | AC32: =COUNTIF($L$6:$L$595,AB32) -> 2
A33: 28 | B33: PER-BSIA250101-028 | C33: R.D. N° 014-2023 DIGDOT/MINSA | D33: 44949 | E33: 44956 | F33: 13055 | G33: II-1 | H33: DIRESA UCAYALI | I33: CLINICA FERNANDEZ S.R.L | J33: CALLERIA | K33: CORONEL PORTILLO | L33: UCAYALI | M33: AV.SAENZ N°150 | N33: PRIVADO | O33: JORGE FERNANDEZ PICON | P33: MESADEPARTES@CLINICAFERNANDEZ.PE | Q33: MEDICO PATOLOGO MELENDEZ GENARO RICHARD 953935675 | R33: 953935675 -GERENTE 961671002 JORGE FERNANDEZ | S33: TECNOLOGO MEDICO, MIRANDA PEREZ BARTOLOME MARLENI, NORMA RIOS CHANG , BLGO CELSO CASTILLO CUEVA | T33: 1 | U33: 0 | V33: 2 | W33: 1 | X33: N°2022-0085940,N°20220107025 Y N°2023-0005994 | Y33: POR REGULARIZAR | AB33: ANCASH | AC33: =COUNTIF($L$6:$L$595,AB33) -> 14
A34: 29 | B34: PER-BSIA40101-029 | C34: R.D. N° 015-2023 DIGDOT/MINSA | D34: 44949 | E34: 44956 | F34: 24208 | G34: II-E | H34: GERESA AREQUIPA | I34: PRAXIS MEDICAL S.A.C. | J34: AREQUIPA | K34: AREQUIPA | L34: AREQUIPA | M34: AV. SALAVERRY N°422 | N34: PRIVADO | O34: PERCY JESUS NUÑEZ VILLAR | P34: ASISTENTE@CLINICAESTETICALASER.COM | Q34: MEDICO PATOLOGO CARAZAS PORTOCARRERO MILAGROS ALINA | R34: 982709916 | S34: Médico Patólogo Carazas Portocarrero Milagros, Parada Carmen Zoila biólogo | T34: 1 | U34: 0 | V34: 0 | W34: 1 | X34: N°2023-0000476 Y N°2023-0008568 | Y34: POR REGULARIZAR | AB34: AMAZONAS | AC34: =COUNTIF($L$6:$L$595,AB34) -> 7
A35: 30 | B35: PER-BSIA200101-030 | C35: R.D. N°016 -2023 DIGDOT/MINSA | D35: 44949 | E35: 44957 | F35: 32672 | H35: DIRESA PIURA | I35: HOSPITAL PRIVADO SAN BENITO SCRL | J35: PIURA | K35: PIURA | L35: PIURA | M35: AV. ANDRÉS AVELINO CÁCERES CON INTERSECCIÓN AV. FORTUNATO CHIRICHIGNO MZ. C LTE. 3 URB. EL CHIPE | N35: PRIVADO | O35: SARITA YUVIANA CAMPOS CASTILLO | P35: clinicasanbenitopiura@gmail.com | Q35: MEDICO PATOLOGO CLINICO MARIA FRANCESCA TASSARA CICCHINI | R35: 966198468 | S35: MEDICO PATOLOGO CLINICO SANCHEZ AGUIRRE ROCIO ELIZABETH/TM NORMA YESENIA VALENCIA VALVERDE/TM FLOR DE MARIA ZAPATA CORONADO/ TM ORTIZ MOROCHO CARMEN DEL PILAR/ TM VANESSA IVON PANTA CRUZ | T35: 1 | U35: 0 | V35: 5 | W35: 0 | X35: N°2022-0108315; N°2022-0116644; N° 2023-0007437 | Y35: POR REGULARIZAR | AB35: TUMBES | AC35: =COUNTIF($L$6:$L$595,AB35) -> 1
A36: 31 | B36: PER-BSIA060401-031 | C36: R.D. N° 018-2023 DIGDOT/MINSA | D36: 44951 | E36: 44957 | F36: 32601 | G36: II-1 | H36: DIRESA CAJAMARCA | I36: HOSPITAL MODULAR BICENTENARIO CHOTA "GILBERTO VILLENA ARROBAS" | J36: CHOTA | K36: CHOTA | L36: CAJAMARCA | M36: COMUNIDAD PINGOBAMBA BAJO S/N | N36: ESSALUD | O36: LUIS ANTONIO MENDOZA URRUTIA | P36: MENDOZAU@ESSALUD.GOB.PE | Q36: MÉDICO PATÓLOGO CLÍNICO HARLEIN JEANCARLO OBLITAS VÁSQUEZ | R36: 951552714 | S36: TECNÓLOGA MÉDICA CORONEL GAVIDIA | T36: 1 | U36: 0 | V36: 1 | W36: 0 | X36: N°2023-0001785 | Y36: POR REGULARIZAR | AB36: MADRE DE DIOS | AC36: =COUNTIF($L$6:$L$595,AB36) -> 1
A37: 32 | B37: PER-BSIA90701-033 | C37: R.D. N° 019-2023 DIGDOT/MINSA | D37: 44953 | E37: 44960 | F37: 4074 | G37: II-1 | H37: DIRESA HUANCAVELICA | I37: HOSPITAL DE PAMPAS DE TAYACAJA | J37: PAMPAS | K37: TAYACAJA | L37: HUANCAVELICA | M37: JR. BOLIVAR N° 421 | N37: MINSA | O37: Dra. ERIKA OCHOA MUÑOZ | P37: hospitalpampas@regionhuancavelica | Q37: MEDICO GENERAL: YULIANA ERIKA SEGOVIA CORDOVA | R37: CEL. 976174286 | T37: 0 | U37: 1 | V37: 3 | W37: 1 | X37: N°2022-0101259 | Y37: POR REGULARIZAR | AB37: APURIMAC | AC37: =COUNTIF($L$6:$L$595,AB37) -> 3
A38: 33 | B38: PER-BSIA220901-034 | C38: R.D. N° 022-2023 DIGDOT/MINSA R.D. N° 054-2024 DIGDOT/MINSA | D38: 03/02/2023 28/08/2024 | E38: 07/02/2023 02/09/2024 | F38: 16411 | H38: DIRESA SAN MARTIN | I38: Corporación Médica San Martín SAC- CORPOMEDIC SAC (SUSP DEFINITIVA) | J38: TARAPOTO | K38: SAN MARTIN | M38: Jr. Nicolás de Piérola N°162 Tarapoto | O38: AUGUSTO RICARDO LLONTOP REATEGUI (Gerente General) JONATHAN LEE AREVALO PINCHI (Gerente Administrativo) | P38: CORPOMEDIC.ADM@GMAIL.COM | Q38: MEDICO PATOLOGO LUIS ALBERTO ABAD POZO | R38: CEL. 972047244 | S38: -Tecnólogo Medico: Verónica López Vargas, -Tecnólogo Medico: Marco Castillo Rojas | T38: 1 | U38: 0 | V38: 2 | W38: 0 | X38: N°2023-0002572 | Y38: POR REGULARIZAR | AB38: AYACUCHO | AC38: =COUNTIF($L$6:$L$595,AB38) -> 7
A39: 34 | B39: PER-BSIA150133-035 | C39: R.D. N° 028-2023 DIGDOT/MINSA | D39: 44960 | E39: 44972 | F39: 28244 | G39: II-E | H39: DIRIS LIMA SUR | I39: ONCOVIDA SERVICIOS MEDICOS E.I.R.L - CLINICA SAGRADA FAMILIA DEL SUR | J39: SAN JUAN DE MIRAFLORES | K39: LIMA | L39: LIMA | M39: Jr. BUENA AVENTURA AGUIRRE N°1229 MZ D1, SUB-LOTE 01, ZONA C2 | N39: PRIVADO | O39: Eduardo Mori Gonzáles | P39: clinicasagradafamiliadelsur@gmail.com | Q39: Medico Patologo Hernán Jaime Razo Quispe | R39: 993971792 | S39: -Tecnólogo Medico: Cesar Enrique Aguilar -Tecnólogo Medico: Tudela Leidi López | T39: 1 | U39: 0 | V39: 2 | W39: 0 | X39: N°2023-0000891 | Y39: POR REGULARIZAR | AB39: PASCO | AC39: =COUNTIF($L$6:$L$595,AB39) -> 3
A40: 35 | B40: PER-BSIA150140-036 | C40: R.D. N° 023-2023 DIGDOT/MINSA | D40: 44960 | E40: 44964 | F40: 11113 | G40: II-E | H40: DIRIS LIMA SUR | I40: INSTITUTO DE GINECOLOGÍA Y REPRODUCCIÓN S.A. - CLÍNICA MONTERRICO | J40: SANTIAGO DE SURCO | K40: LIMA | L40: LIMA | M40: AV. MANUEL OLGUÍN N° 1047 | N40: PRIVADO | O40: Jose Javier Perez Ramirez | Q40: Dra. Maria Cristina Mattos Pucahuaranga, medico patologo clinico | S40: TECNOLOGO MEDICO: EDUARDO QUINTANA QUINTANA | T40: 1 | U40: 0 | V40: 2 | W40: 0 | Y40: CLINICA ANGLOAMERICANA | AB40: PUNO | AC40: =COUNTIF($L$6:$L$595,AB40) -> 4
A41: 36 | B41: PER-BSIA120114-037 | C41: R.D. N° 025-2023 DIGDOT/MINSA | D41: 44960 | E41: 44967 | F41: 27694 | G41: II-E | H41: DIRESA JUNIN | I41: INVERSIONES M&M VALENTINA S.A.C.- CHENET CLINICA ESPECIALIZADA | J41: EL TAMBO | K41: HUANCAYO | L41: JUNIN | M41: CALLE REAL N° 612 (ESQUINA CON JR. PARRA DEL RIEGO) | N41: PRIVADO | O41: Luis Vladimir CHENET ROJAS | P41: clinicachenethyo@gmail.com | Q41: MEDICO PATOLOGO CLINICO: JULIO TRONCOSO MENA | R41: 942724995( LIC. | S41: MEDICO PATOLOGO CLINICO: Castro Germana Lorenzo José, Tecnóloga Médica: Lozada Seijas Iliani Esperanza, Tecnóloga Médica: González Morillo Jhoannaily Josefina, Tecnóloga Médica:Guevara Huamán Silvia Marlene | T41: 1 | U41: 0 | V41: 3 | W41: 0 | X41: N° 2022-0118525 y N° 2023- 0015681 | Y41: POR REGULARIZAR | AC41: =SUM(AC16:AC40) -> 308
A42: 37 | B42: PER-BSIA120101-038 | C42: R.D. N° 026-2023 DIGDOT/MINSA | D42: 44960 | E42: 44967 | F42: 24425 | G42: II-E | H42: DIRESA JUNIN | I42: CLÍNICA MÉDICA SALAZAR S.A.C | J42: HUANCAYO | K42: HUANCAYO | L42: JUNIN | M42: JR. FRANCISCO SOLANO N°142. HUANCAYO | N42: PRIVADO | O42: MILTON ANTONIO TELLO CRUZ | P42: CLINICAMEDICASALAZAR@GMAIL.COM | Q42: MÉDICO PATÓLOGO CLÍNICO JULIO TRONCOSO MENA | R42: 947803062 | S42: T.M. GIANELLA NAVARRO JAVIER, LEYDI MILENA MIGUEL MEZA, KARL NORBERT EGOAVIL SANTISTEBAN, ABEL DAYAN QUINTANA VELIZ | T42: 1 | U42: 0 | V42: 4 | W42: 0 | X42: N° 2022-0098735 y N° 2023-0016272 | Y42: POR REGULARIZAR
A43: 38 | B43: PER-BSIA220201-039 | C43: R.D. N° 024-2023 DIGDOT/MINSA | D43: 44960 | E43: 44967 | F43: 6502 | G43: II-E | H43: DIRESA SAN MARTIN | I43: HOSPITAL II-E BELLAVISTA | J43: BELLAVISTA | K43: BELLAVISTA | L43: SAN MARTIN | M43: JR APURIMAC S/N CON JR. ANCASH S/N | N43: MINSA | O43: OBST. LING ISAC WELING FLORES PEREZ | P43: hospital2ebellavista@gmail.com | Q43: M.C. WHINSTON ENRIQUE PEREZ RAMIREZ (JEFE DPTO PAT CLIN Y ANAT PAT) | R43: DR WHINSTON PEREZ: 923906086 | S43: T.M CALLE TUCTO, BLG: LILIANA MEDINA ACHIN, ALARCON MOZOMBITE EDWAR,BLG SILVA ORE SEGUNDO, BLG VARGAS PEÑA IRIS, BLG PAYANO LOPEZ WALDO, BLG SAAVEDRA FLORES JAQUELIN | T43: 1 | U43: 0 | V43: 1 | W43: 5 | X43: N° 2022-0098843, N°2023-00000816, N°2023-0012795, N°2023-0014440, N°2023-0014432 | Y43: BANCO DE SANGRE REGIONAL SAN MARTIN
A44: 39 | B44: PER-BSIA220201-040 | C44: R.D. N° 027-2023 DIGDOT/MINSA | D44: 44960 | E44: 44967 | F44: 16951 | G44: II-E | H44: DIRIS LIMA NORTE | I44: CLINICA MATER PURISSIMA | J44: COMAS | K44: LIMA | L44: LIMA | M44: JR. GARCILASO DE LA VEGA N° 191 Y MARIANO MELGAR 164 MZ G LOTE 1 Y 2 | N44: PRIVADO | O44: Miguel Angel Cerna Cornelio | P44: maccch@hotmail.com | Q44: MEDICO PATOLOGO: SAN MARTIN CHIPOCO VICTOR | R44: LIC T.M CARLOS LEYVA: 980738750 | S44: T.M LEYVA VASQUEZ CARLOS, T.M ROJAS MEJIA HARRY, T.M VELARDE ALBITES JOSE | T44: 1 | U44: 0 | V44: 3 | W44: 0 | X44: Expediente: 2023-0008520 | Y44: POR REGULARIZAR
A45: 40 | B45: PER-BSIA150101-041 | C45: R.D. N° 035-2023 DIGDOT/MINSA | D45: 44966 | E45: 45000 | F45: 26473 | G45: II-E | H45: DIRIS LIMA CENTRO | I45: CLINICA OBRA DE SAN CAMILO | J45: LIMA | K45: LIMA | L45: LIMA | M45: JR. ANCASH 809 | N45: PRIVADO | O45: GERARDO DIAZ LOBATO | P45: laboratorio_bancodesangre@clinicasancamilo.com | Q45: MEDICO PATOLOGO DR. CESAR AUGUSTO BALCAZAR BRICEÑO | R45: 950503597 | S45: Medico Patologo: Cesar Balcazar Briceño, TM. Genoveva Sanchez Santome, TM. Milagros Castro Aguero | T45: 1 | U45: 0 | V45: 2 | W45: 0 | X45: N° 2022-0105761/2023-0002789/2023-0016910 | Y45: CLINICA SAN PABLO
A46: 41 | B46: PER-BSIA150130-042 | C46: R.D. N° 030-2023 DIGDOT/MINSA | D46: 44966 | E46: 44984 | F46: 13383 | G46: II-E | H46: DIRIS LIMA CENTRO | I46: CLÍNICA SANTA ISABEL S.A.C. | J46: SAN BORJA | K46: LIMA | L46: LIMA | M46: AVENIDA GUARDIA CIVIL N° 135 | N46: PRIVADO | O46: ANNETTE RAMIREZ NOEDING | P46: anamirez@clinicasantaisabel.com | Q46: DR. HUBERT LAGOS CABRERA | R46: 988115674 | S46: Tecnóloga Médica: Elizabeth Gaby Enciso Arias, Tecnóloga Médica: Solanmy María Patiño Velasquez, Tecnóloga Médica: Leonor Elizabeth Hernández Bocanegra, Tecnóloga Médica: Elba Daniela Bocanegra Flores, Tecnóloga Médica: Sessy Elizabeth Toledo Torre, Tecnóloga Médica: Milenma Alejandra Arias Delgado | T46: 1 | U46: 0 | V46: 6 | W46: 0 | X46: N° 2023-0006509 y N° 2023-0017970 | Y46: CLINICA JAVIER PRADO, CLINICA SAN BORJA
A47: 42 | B47: PER-BSIA40112-043 | C47: R.D. N° 031-2023 DIGDOT/MINSA | D47: 44966 | E47: 44981 | F47: 13296 | G47: II-1 | H47: GERESA AREQUIPA | I47: HOSPITAL I EDMUNDO ESCOMEL | J47: PAUCARPATA | K47: AREQUIPA | L47: AREQUIPA | M47: Av. Cayro s/n | N47: ESSALUD | O47: PATRICIA LUQUE CÁRDENAS | P47: patricia.cabala@essalud.gob.pe | Q47: MEDICO PATOLOGO FERNANDO SANCHEZ FRAGOSO | R47: 959349036 / fernando.sanchezf@essalud.gob.pe | S47: 1. VASQUEZ SANTOS KATHERINE, 2. ACUÑA RETAMOZO RONALD, 3. ARAUJO ROMAN LESSLY, 4. DELGADO CARDENAS GUSTAVO, 5. PARIENTE HUAYLLA GIULIANA, 6. NEYRA LUNA FLOR DE MARA | T47: 1 | U47: 0 | V47: 6 | W47: 0 | X47: N°2023-0010019, N°2023-0011308 y N°2023-0019004 | Y47: POR REGULARIZAR
A48: 43 | B48: PER-BSIA40129-044 | C48: R.D. N° 032-2023 DIGDOT/MINSA | D48: 44966 | E48: 45000 | F48: 34694 | G48: II-E | H48: GERESA AREQUIPA | I48: CIRUGIA PLASTICA ARMENDARIZ EIRL | J48: JOSE LUIS BUSTAMANTE Y RIVERO | K48: AREQUIPA | L48: AREQUIPA | M48: URB.ALTO DE LUNA IV ETAPA MZ A LOTE 2 | N48: PRIVADO | O48: JORGE LUIS ALMENDARIZ ZENTENO | P48: jorgeluis_292@hotmail.com | Q48: MEDICO PATOLOGO : DRA SHEYLA NUÑEZ LLERENA | R48: 961960751 | S48: TM. MAMANI COTA WILIAN , BIOLOGA .QUISPE AYME HELSY BELINDA | T48: 1 | U48: 0 | V48: 1 | W48: 1 | X48: N°2023-0011827 | Y48: POR REGULARIZAR
A49: 44 | B49: PER-BSIA090201-045 | C49: R.D. N° 034-2023 DIGDOT/MINSA | D49: 44966 | E49: 45000 | F49: 3917 | G49: II-1 | H49: DIRESA HUANCAVELICA | I49: HOSPITAL PROVINCIAL DE ACOBAMBA | J49: ACOBAMBA | K49: ACOBAMBA | L49: HUANCAVELICA | M49: AV.MANCO CAPAC N°705 | N49: MINSA | O49: MARISELA GLORIA PORTA ATENCIO | P49: maglu2104@gmail.com | Q49: MEDICO CIRUJANO FREDDY NAJARRO CHIPANA | R49: 964011615 / 996668020 | S49: MC. Freddy Cirilo Najarro Chipana, TM. Dora Licas Huarancca, TM. Roy Henry Garcia Quispe, TM.Alep Antonio Galarza Huamani, Blgo.Aydee Diaz De la Cruz | T49: 0 | U49: 1 | V49: 3 | W49: 1 | X49: N° 2023-0009521, 2023-0013519 y 2023-0020057 | Y49: POR REGULARIZAR
A50: 45 | B50: PER-BSIA150118-046 | C50: R.D. N° 036-2023 DIGDOT/MINSA | D50: 44971 | E50: 44984 | F50: 16951 | G50: II-E | H50: DIRIS LIMA ESTE | I50: CLINICA MADRE ZORAIDA | J50: LURIGANCHO-CHOSICA | K50: LIMA | L50: LIMA | M50: Jr. Chucuito N°316 Lurigancho | N50: PRIVADO | O50: Juan Olimpo Dávalos Prado | P50: adm.cmzoraida@gmail.com | Q50: MEDICO PATOLOGO LETICIA ANGHELA URQUIZO BRICEÑO | R50: 980883923 | S50: -Tecnólogo Medico: Gloria Barreto Clemento, Juan Ortiz Talaverano , Arturo Augusto Vera Barzola y Lisseth Robles Ramos | T50: 1 | U50: 0 | V50: 4 | W50: 0 | X50: N° 2022-0118874/2023-0021809 | Y50: HOPSITAL LIMA ESTE
A51: 46 | B51: PER-BSIA150140-047 | C51: R.D. N° 038-2023 DIGDOT/MINSA | D51: 44971 | E51: 44984 | F51: 32409 | G51: II-E | H51: DIRIS LIMA SUR | I51: INVERSIONES PARA LA CIENCIA Y EL CUIDADO DE LA VIDA S.A.C. – CLÍNICA ÁLVAREZ | J51: SANTIAGO DE SURCO | K51: LIMA | L51: LIMA | M51: JR EL POLO 545 | N51: PRIVADO | O51: CARLOS EDUARDO ALVAREZ PEÑA | P51: c.alvarez@iccvperu.com | R51: 999184977 | S51: TM. BERROCAL LUNA YANINA, TM OSCAR MIRANDA RODRIGUEZ, TM PAULA SANCHEZ ECHEVARRIA, TM JORGE VASQUEZ EPEQUIN | T51: 1 | U51: 0 | V51: 1 | W51: 0 | X51: N° 2023-0009255, N° 2023-0013349 y N° 2023-0023249 | Y51: SANNA SAN BORJA
A52: 47 | B52: PER-BSIA110201-048 | C52: R.D. N° 043-2023 DIGDOT/MINSA | D52: 44977 | E52: 44987 | F52: 32741 | G52: II-1 | H52: DIRESA ICA | I52: Clínica Hernani SAC - Clínica Nueva Salud | J52: CHINCHA ALTA | K52: CHINCHA | L52: ICA | M52: Av. Fátima 136 | N52: PRIVADO | O52: EDUARDO HERNANI LAU | P52: lalohernani@hotmail.com | Q52: Medico Patólogo Clínico Olga Tucto Lopez | R52: 985534642 | S52: 1. Fernando Mendoza R., 2. Nelly Castillo Cardajal, 3. Víctor Sánchez Torres | T52: 0 | U52: 0 | V52: 4 | W52: 0 | X52: N°2023-0002102, N°2023-0009297 | Y52: POR REGULARIZAR
A53: 48 | B53: PER-BSIA150140-049 | C53: R.D. N° 042-2023 DIGDOT/MINSA R.D. N° 064-2024 DIGDOT/MINSA | D53: 20/02/2023 17/09/2024 | E53: 01/03/2023 19/09/2024 | F53: 12572 | H53: DIRIS LIMA SUR | I53: CLÍNICA PAULISTA DEL PERÚ S.A.C.- CLÍNICA PAULISTA (SUSP DEFINITIVA) | J53: SANTIAGO DE SURCO | K53: LIMA | M53: Av. Aviación N° 4786 | O53: FELIX RUBÉN CASTRO SIERRA | P53: felixcastrosierra@yahoo.com | Q53: Medico Patólogo Clínico Jamitson Torres Aguilar | R53: Cel: 969239149 | S53: Medico Patólogo Clínico Jamitson Torres Aguilar, TM. Gissela Alipazaga del Castillo, TM. Ronald Omar Otaño Benavides | T53: 1 | U53: 0 | V53: 2 | W53: 0 | X53: N° 2023-0002643, N° 2023- 0008429, N° 2023- 00020483 y N° 2023- 0024793 | Y53: CONGREGACION HIJAS DE SAN CAMILO - CLINICA PADRE LUIS TEZZA
A54: 49 | B54: PER-BSIA130101-050 | C54: R.D. N° 050-2023 DIGDOT/MINSA | D54: 44980 | E54: 44991 | F54: 21768 | G54: II-E | H54: GERESA LA LIBERTAD | I54: VIDA Y SALUD LIBERTAD S.A.C.- CLÍNICA PROSALUD | J54: TRUJILLO | K54: TRUJILLO | L54: LA LIBERTAD | M54: Av.Jesús de Nazareth N° 305 | N54: PRIVADO | O54: KATHERINE YOLANDA LOZANO PERALTA | P54: klozanoever@hotmail.com | Q54: Medico Patologo Clinico Amalia Celina Silva Chávez | R54: CEL Biologo Jimmy Rodriguez 950209947 | S54: Tecnóloga Médica: Milagros del Pilar Landa Preciado, Biólogo: Jimmy Alexy Rodríguez Juárez, Biólogo: Susana Paola León Cornejo | T54: 1 | U54: 0 | V54: 1 | W54: 2 | X54: N° 2023-0013551 | Y54: HOSPITAL BELEN DE TRUJILLO
A55: 50 | B55: PER-BSIA40126-051 | C55: R.D. N° 049-2023 DIGDOT/MINSA | D55: 44980 | E55: 44991 | F55: 28448 | G55: II-E | H55: GERESA AREQUIPA | I55: CLINICA EMMEL/TECNOLOGIAS MEDICAS AREQUIPA S.A- TECNOMEDIC S.A | J55: YANAHUARA | K55: AREQUIPA | L55: AREQUIPA | M55: AV. EMMEL N°125 | N55: PRIVADO | O55: EDGAR ASUNTO PUÑO CORNEJO | P55: gerencia.general@clinicaemmel.com | Q55: MEDICO PATOLOGO : FREDY AGUILAR PUMA | R55: CEL: 968081135 | S55: BIOLOGO: MARIA ELENA SALCEDO SALAS, KARINA CAZORLA PASTOR, TM. Mayara Elvira Jara Obando, TM. Kely Sandra Guzman Cervantes | T55: 1 | U55: 0 | V55: 2 | W55: 2 | X55: N°2023-0015960, 2023-0028074 | Y55: PORREGULARIZAR
A56: 51 | B56: PER-BSIA150116-052 | C56: R.D. N° 046-2023 DIGDOT/MINSA | D56: 44978 | E56: 44988 | F56: 15684 | G56: II-E | H56: DIRIS LIMA CENTRO | I56: CLINICA GONZALEZ S.A. | J56: LINCE | K56: LIMA | L56: LIMA | M56: Av. Ignacio Merino N°1884 | N56: PRIVADO | O56: MIGUEL ANTONIO ACUÑA LARA | P56: bancodesangre@clinicagonzalez.com | Q56: MEDICO PATOLOGO NICOLAS EDUARDO ARRIOLA CARBAJAL | R56: 981957120 | S56: T.M. BIANCA BEATRIZ HERRERA CASTRO, FARID GUERRA GUTIERREZ, DAYANA BACA MOTABAN, BRIAN CRISPINN TINEO | T56: 1 | U56: 1 | V56: 4 | W56: 0 | X56: N°2023-0001489, N°2023-0009210, N°2023-0014241, 2023-0025438, 2023-0027970 | Y56: CLINICA SAN BORJA
A57: 52 | B57: PER-BSIA150108-053 | C57: R.D. N° 048-2023 DIGDOT/MINSA | D57: 44978 | E57: 44991 | F57: 19839 | G57: II-E | H57: DIRIS LIMA SUR | I57: CLINICA SANTA LEONOR SAC | J57: CHORRILLOS | K57: LIMA | L57: LIMA | M57: AV.DEFENSORES DE MORRO N° 2697 | N57: PRIVADO | O57: VICTOR MANUEL CRUZ BOULLOSA | P57: clinicasantaleonor@gmail.com | Q57: MEDICO PATOLOGO: SILVIA TERESA BELLING SALAS | R57: LIC LIGIA VALDIVIA VEGA - ADIMINIST CEL .998063108 | S57: TM: MIGUEL VASQUEZ MENDOZA | T57: 1 | U57: 0 | V57: 1 | W57: 0 | X57: N°2023-0021098 y 2023-0028751 | Y57: INSTITUTO NACIONAL MATERNO PERINATAL
A58: 53 | B58: PER-BSIA150141-054 | C58: R.D. N° 054-2023 DIGDOT/MINSA | D58: 44985 | E58: 45002 | F58: 12947 | G58: II-E | H58: DIRIS LIMA CENTRO | I58: CLÍNICA QUIRÚRGICA SANTA MARÍA S.A.C. – CLÍNICA SANTA MARÍA | J58: SURQUILLO | K58: LIMA | L58: LIMA | M58: CALLE LAS ÁGUILAS N° 360 URB. LIMATAMBO | N58: PRIVADO | O58: RUBEN DARIO COSTA COSTA | P58: administracion@clinicasantamaria.pe | Q58: DR. CÉSAR AUGUSTO CHIAN GARCÍA | R58: CEL: 990380377 | S58: Tecnólogo Médico: Brady Ángel Esteban Briceño, Tecnóloga Médica: Julie María Montalvo Pacahuala, Tecnóloga Médica: Sol Mary Cabanillas Isla | T58: 1 | U58: 0 | V58: 3 | W58: 0 | X58: N° 2023-0021930 y N° 2023-0029013 | Y58: POR REGULARIZAR
A59: 54 | B59: PER-BSIA130101-055 | C59: R.D. N° 051-2023 DIGDOT/MINSA | D59: 44980 | E59: 44991 | F59: 20334 | H59: GERESA LA LIBERTAD | I59: CLÍNICA SUÁREZ S.A.C. | J59: TRUJILLO | K59: TRUJILLO | L59: LA LIBERTAD | M59: JR. FRANCISCO BOLOGNESI N°740 | N59: PRIVADO | O59: WALTER JESÚS CARPIO MONTENEGRO | P59: CLINICASUAREZSAC@GMAIL.COM | Q59: DRA. KARLA NOVOA PEREZ | R59: 940180313 | S59: T.M. JACKELIN MEJIA BARDALES, T.M. KATHERIN MARQUINA BAZÁN, BLGO. CARLOS GANOZA RONDÓN | T59: 1 | U59: 0 | V59: 2 | W59: 1 | X59: N°2023-0010822, N°2023-0020078, N°2023-0029062 | Y59: POR REGULARIZAR
A60: 55 | B60: PER-BSIA120114-056 | C60: R.D. N° 057-2023 DIGDOT/MINSA | D60: 44987 | E60: 45002 | F60: 28966 | G60: II-E | H60: DIRESA JUNIN | I60: MIRANDA MEDICINA Y CIRUGÍA DE AVANZADA S.R.L- CLÍNICA ESPECIALIZADA MIRANDA | J60: EL TAMBO | K60: HUANCAYO | L60: JUNIN | M60: Jr. Juan Parra del Riego N° 701 | N60: PRIVADO | O60: M.C. BRUNO HERNANDEZ CORNEJO | P60: mirandacirugia@outlook.com | Q60: DR. JULIO FERNANDO TRONCOSO MENA | R60: LIC. ELA ROQUE 988040011 | S60: Tecnóloga Médica: Roque Crispín, Ela Rossana, Tecnóloga Médica: Rupay Ayala Liliana Margot, Tecnólogo Médico: Miranda Macavilca George Cristiani | T60: 1 | U60: 0 | V60: 3 | W60: 0 | X60: N° 2023-0007278, N° 2023-0012793, N° 2023-0028019, N° 2023-0028370, N° 2023-0029440 | Y60: POR REGULARIZAR
A61: 56 | B61: PER-BSIA150130-057 | C61: R.D. N° 053-2023 DIGDOT/MINSA | D61: 44985 | E61: 44999 | F61: 15143 | G61: II-E | H61: DIRIS LIMA CENTRO | I61: ASTOCONDOR SALAZAR EPIFANIO FRANCISCO-CLÍNICA ASTOCONDOR | J61: SAN BORJA | K61: LIMA | L61: LIMA | M61: AV. BOULEVARD N°610 | N61: PRIVADO | O61: FRANCISCO EPIFANIO ASTOCONDOR SALAZAR | P61: franciscoastocondor@gmail.com | Q61: PATOLOGA CLÍNICA MARISOL SULLCA SOTO | R61: 984123940 | S61: T.M. ISABEL SILVA DELGADO, T.M. GERALDINE TAIPE TUÑOQUE | T61: 1 | U61: 0 | V61: 2 | W61: 0 | X61: N° 2023-0010694, N° 2023-0017646, N° 2023-0018696, N° 2023-0027724, N° 2023-0030924 | Y61: POR REGULARIZAR
A62: 57 | B62: PER-BSIA130103-058 | C62: R.D. N° 058-2023 DIGDOT/MINSA | D62: 44987 | E62: 45003 | F62: 9278 | G62: II-E | H62: GERESA LA LIBERTAD | I62: HOSPITAL I FLORENCIA DE MORA | J62: FLORENCIA DE MORA | K62: TRUJILLO | L62: LA LIBERTAD | M62: CALLE 9 DE OCTUBRE N° 1030 | N62: ESSALUD | O62: ANGELA VERONICA SITO GUERRA | P62: angela.sito@essalud.gob.pe | Q62: PATOLOGO CLINICO KEENE ARAUJO | R62: 950181662 | S62: Gutiérrez Gómez Carmen Elisa, Vásquez Rodríguez Rolland Adalberto, Blanca Rojas Castillo | T62: 1 | U62: 0 | V62: 4 | W62: 0 | X62: N° 2023-0021736 - N° 2023-0012380 | Y62: POR REGULARIZAR
A63: 58 | B63: PER-BSIA200101-059 | C63: R.D. N° 060-2023 DIGDOT/MINSA | D63: 44992 | E63: 45016 | F63: 30990 | G63: II-E | H63: DIRESA PIURA | I63: CENTRO MEDICO MONT' SINAI | J63: PIURA | K63: PIURA | L63: PIURA | M63: AV. LOS TALLANES MZ. I LOTE 27 URB LOS GERANIOS | N63: PRIVADO | O63: MERCEDES JESUS CORONADO DE CARLOS GG - CORPUS PASIS CARLOS ZUÑIGA DM | P63: carito_pk@hotmail.com | Q63: PATOLO CLINICO: CAROL CARLOS CORONADO | R63: 957235484 | S63: Lic. Norma Yesenia Valencia Valverde, Flor de María Castro de la Cruz, Vanesa von Panta Cruz, Rosita Elena Jacinto Goycochea | T63: 1 | U63: 4 | V63: 0 | W63: 0 | X63: N° 2023-25733 | Y63: POR REGULARIZAR
A64: 59 | B64: PER-BSIA250101-060 | C64: R.D. N° 063-2023 DIGDOT/MINSA | D64: 44992 | E64: 45003 | F64: 24608 | G64: II-1 | H64: DIRESA UCAYALI | I64: CLÍNICA ESPECIALISTAS MÉDICOS E.I.R.L.- ESMEDIC E.I.R.L SEDE SALAVERRY | J64: CALLERIA | K64: CORONEL PORTILLO | L64: UCAYALI | M64: Jr. Salaverry N° 408 | N64: PRIVADO | O64: MOISES ACOSTA FLORES | P64: administracion@clinicaesmedic.com.pe | Q64: Patologo clinico Genaro Richard Melendez Orosco | R64: 953935675/984765303 | S64: Tecnólogo Médico: Augusto Lourdes Espinoza Ugarte, Biólogo: Marlon Carlo Angeles Quiñones, Biólogo: Celso Castillo Cueva | T64: 1 | U64: 0 | V64: 1 | W64: 2 | X64: N° 2023-0018737, N° 2023-0020399, N° 2023- 0032332 | Y64: HOSPITAL REGIONAL DE PUCALLPA
A65: 60 | B65: PER-BSIA130101-061 | C65: R.D. N° 061-2023 DIGDOT/MINSA R.D. N° 056-2024 DIGDOT/MINSA | D65: 07/03/2023 05/09/2024 | E65: 18/03/2023 06/09/2024 | F65: 13395 | H65: GERESA LA LIBERTAD | I65: CLINICA MATERNO INFANTIL DEL NORTE S.A. (SUSP DEFINITIVA) | J65: TRUJILLO | K65: TRUJILLO | M65: AV. MANUEL VERA ENRIQUEZ 777 | O65: PEDRO MIGUEL MANRIQUE ORRILLO | P65: direccion@cmaternoinfantil.com.pe | Q65: DRA. PATRICIA CONTRERAS VERA | R65: 949939328 | S65: T.M. Yang Pierre Wilson Espejo Valdez, T.M. Henri Araujo Cartagena, TM Marisela Sofia Aguilera Rodriguez | T65: 1 | U65: 0 | V65: 3 | W65: 0 | X65: 2023-0027987 y 2023-0033844 | Y65: POR REGULARIZAR
A66: 61 | B66: PER-BSIA230101-062 | C66: R.D. N° 064-2023 DIGDOT/MINSA | D66: 44992 | E66: 45003 | F66: 30412 | G66: I-3 | H66: DIRESA TACNA | I66: Oncomed S.A.C. – OMED Servicios Médicos Quirúrgicos | J66: TACNA | K66: TACNA | M66: PROLONGACIÓN CAJAMARCA N°300 | O66: ARMANDO HUAMAN NAULA | P66: omedtacna@gmail.com | Q66: MÉDICO PATOLOGO ESTHER KARINA MARCA PAVIO | R66: 952015436 | S66: TM. Julia Damiana Maquera Maquera, TM. Nilida Berrio Gavidia | T66: 1 | U66: 0 | V66: 2 | W66: 0 | X66: N° 2023-0013701, N°2023-0021090 y N°2023-0034887 | Y66: POR REGULARIZAR
A67: 62 | B67: PER-BSIA150140-063 | C67: R.D. N° 065-2023 DIGDOT/MINSA | D67: 44992 | E67: 45003 | F67: 11110 | G67: II-E | H67: DIRIS LIMA SUR | I67: CLINICA CAMPBELL- ABANI MEDIC SAC | J67: SANTIAGO DE SURCO | K67: LIMA | L67: LIMA | M67: Avenida Benavides N°4813 Urbanización Las Gardenias | N67: PRIVADO | O67: AUGUSTO JORGE CAMPBELL PSATOR | P67: consultas@campbellcirugiaplastica.com , danitzamore@gmail.com | Q67: MEDICO PATOLOGO MIRYAM MORE YUPANQUI | R67: 959169672 | S67: MC MIRYAM MORE YUPANQUI, TM.RENATA PATRICIA VERASTEGUI TOPOVICH | T67: 1 | U67: 0 | V67: 1 | W67: 0 | X67: N° 2023-0023455, 2023-0027952 y 2023-0035258 | Y67: CLINICA TEZZA
A68: 63 | B68: PER-BSIA130101-064 | C68: R.D. N° 067-2023 DIGDOT/MINSA | D68: 44995 | E68: 45016 | F68: 21508 | G68: II-E | H68: GERESA LA LIBERTAD | I68: SMQ QUIRUMEDIC S.A.C – SERVICIO MEDICOQUIRURGICO QUIRUMEDIC S.A.C | J68: TRUJILLO | K68: TRUJILLO | L68: LA LIBERTAD | M68: CALLE WILFREDO TORRES ORTEGA 1034 URBANIZAICON MIRAFLORES | N68: PRIVADO | O68: WALTER ALBERTO FIGUEROA BERNAL | P68: clinicaquirumedic@gmail.com , walter_quirumedic@yahoo.com.pe | Q68: PATOLOGO CLINICO KENNE KARPOV ARAUJO PAREDES | R68: 964487529, 947421227 | S68: TECNOLOGOS MEDICOS: Magaly karolina Curi Mendoza, Noemi Garcia Tello, Irma Nora Orbegoso Amaya, Agurto Zapata Veronica Romina | T68: 1 | U68: 0 | V68: 5 | W68: 0 | X68: N°2023-0026672 - 2023-0028537 | Y68: POR REGULARIZAR
A69: 64 | B69: PER-BSIA150131-065 | C69: R.D. N° 069-2023 DIGDOT/MINSA | D69: 44995 | E69: 45016 | F69: 18581 | G69: II-E | H69: DIRIS LIMA CENTRO | I69: CLÍNICA PETRAS - GARIALE S.A.C. | J69: SAN ISIDRO | K69: LIMA | L69: LIMA | M69: Calle 6 Nº 221 | N69: PRIVADO | O69: GINO RAÚL LLOSA BOLUARTE | P69: administracion@clinicapetrasperu.com | Q69: MEDICO PATOLOGO CLINICO JOE ELI AVENDAÑO DOMINGUEZ | R69: 981146899 | S69: MEDICO PATOLOGO CLINICO JOE ELI AVENDAÑO DOMINGUEZ, TM Anthony Giovanni Dávila Castagnino, TM Flor Castañeda Santamaria, Victoria Felicita Cecilia Nunura Aguilar | T69: 1 | U69: 0 | V69: 3 | W69: 0 | X69: N° 2023-0023144, N° 2023- 0027411, N° 2023- 0032951 y N° 2023- 0034789 | Y69: CLINICA MAISON DE SANTE DEL ESTE
A70: 65 | B70: PER-BSIA130105-066 | C70: R.D. N° 071-2023 DIGDOT/MINSA | D70: 45006 | E70: 45020 | F70: 21412 | G70: II-E | H70: GERESA LA LIBERTAD | I70: ASOCIACIÓN CIVIL SERVICIOS GENERALES MADRE DE CRISTO- CLÍNICA MADRE DE CRISTO | J70: LA ESPERANZA | K70: TRUJILLO | L70: LA LIBERTAD | M70: Av. José Gabriel Condorcanqui N° 1397 | N70: PRIVADO | O70: ROSA ELENA GOMEZ NAVARRO | P70: rosaelena.gomez6@gmail.com | Q70: MEDICO PATOLOGO Patricia Esperanza Contreras Vera | R70: 949939328/949094443 | S70: TM. Rodríguez Cruz Jildo José, TM. Carrera De Espino Miriam Maritza, Biologa Maritza Helesi Zavaleta Hoyos, Nelson Arnaldo Crisando Miranda, Anderson Jesus Vigo Salinas, Pedro Robert Espinoza Rodriguez | T70: 1 | U70: 0 | V70: 3 | W70: 1 | X70: N° 2023-0022362, N° 2023-0029913, N° 2023-0032133 | Y70: HOSPITAL REGIONAL DOCENTE DE TRUJILLO
A71: 66 | B71: PER-BSIA150125-067 | C71: R.D. N° 072-2023 DIGDOT/MINSA | D71: 45006 | E71: 45019 | F71: 16353 | G71: II-E | H71: DIRIS LIMA NORTE | I71: CLINICA MONTELUZ- INSTITUTO MATERNO INFANTIL MONTENOR SAC | J71: PUENTE PIEDRA | K71: LIMA | L71: LIMA | M71: AVENIDA BUENOS AIRES N°2307 ALT.OVALO ZAPALLAL | N71: PRIVADO | O71: NELA ADRIANA RAMIREZ ESCOBAR | P71: director.medico@clinicamonteluz.com.pe | Q71: MEDICO PATOLOGO CLINICO Dra. Martha Jesús Miranda Watanabe | R71: 991654623 | S71: TM - Alba Nataly Vilca Cabana, TM Sovero Pimentel Christian y TM Eloisa Maribel Silva Quino ; Actualización 15/07/2024 Responsable de Calidad T.M. Luis inga Chavez; T.M.Alva Vilca Cabana; T.M. Christian Sobero Pimentel; T.M. Eloisa Silva Quino; T.M. Juan cuestas Napan; T.M. Alejandro Rapre Santos | T71: 1 | U71: 0 | V71: 6 | W71: 0 | X71: 2023-0026306, 2023-0030768 y 2023-0040776 | Y71: POR REGULARIZAR
A72: 67 | B72: PER-BSIA230101-068 | C72: R.D. N° 070-2023 DIGDOT/MINSA | D72: 44995 | E72: 45016 | F72: 27462 | G72: II-1 | H72: DIRESA TACNA | I72: CLÍNICA LA LUZ TACNA S.A.C. | J72: TACNA | K72: TACNA | L72: TACNA | M72: Av. Manuel A. Odría N° 702 | N72: PRIVADO | O72: HUAMANLAZO ORDOÑEZ DENIS | P72: dhuamanlazo@clinicalaluz.gob.pe | Q72: Dr. Denis Huaman lazo | R72: 994689485 | S72: M.C. JAIME MALCA MILLA. T.M. IRMA CARRILLO TICONA, T.M. JOSE ZEGARRA SIÑA, BACH. CARLOS TINTAYA FERNANDEZ | T72: 1 | U72: 0 | V72: 2 | W72: 0 | X72: N° 2023-0022614 , N° 2023-0030502 y N° 2023-0038010 | Y72: POR REGULARIZAR | Z72: comunican ingreso de tecnico de enfermeria Giovanna Gomez mediante Carta N° 083-2024-GG-CLL/TACNA de fecha 10 de mayo del 2024
A73: 68 | B73: PER-BSIA150113-069 | C73: R.D. N° 073-2023 DIGDOT/MINSA | D73: 45006 | E73: 45020 | F73: 33481 | G73: II-E | H73: DIRIS LIMA CENTRO | I73: INTEGRA SERVICIOS MÉDICOS S.A.C. – CLÍNICA INTEGRA QUIRÚRGICA | J73: JESUS MARIA | K73: LIMA | L73: LIMA | M73: AV. BRASIL N° 831 | N73: PRIVADO | O73: CELESTINO ALEJANDRO MARTÍNEZ FLORES | P73: amartinez@iso.com.pe | T73: 1 | U73: 0 | V73: 2 | W73: 0 | X73: N° 2023-0027311 y N° 2023-0039220 | Y73: LUIS TEZZA
A74: 69 | B74: PER-BSIA150137-070 | C74: R.D. N° 086-2023 DIGDOT/MINSA | D74: 45015 | E74: 45028 | F74: 33257 | G74: II-E | H74: DIRIS LIMA ESTE | I74: CLINICA SOLIDARIA SANTA ANITA | J74: SANTA ANITA | K74: LIMA | L74: LIMA | M74: CALLE LOS FLAMENCOS 121 | N74: PRIVADO | O74: KOTTY MAGALY PUENTE BERROSPI | P74: 945 719 491 | Q74: MEDICO PATOLOGO CLINICO ADA MARIA GOMEZ LOPEZ | R74: 999963554 | S74: TECNOLOGOS MEDICOS: FERNANDO CARDENAS MEDINA , | T74: 1 | U74: 0 | V74: 2 | W74: 0 | X74: N° 2023-0029060, N° 2023-0032515 y N° 2023-0048801 | Y74: HOSPITAL EMERGENCIA ATE VITARTE
A75: 70 | B75: PER-BSIA150116-072 | C75: R.D. N° 079-2023 DIGDOT/MINSA | D75: 45012 | E75: 45020 | F75: 9145 | G75: II-E | H75: DIRIS LIMA CENTRO | I75: HOGAR CLÍNICA MONTE SINAÍ S.A. | J75: LINCE | K75: LIMA | L75: LIMA | M75: JIRÓN GARCILASO DE LA VEGA N° 1799 | N75: PRIVADO | O75: LUIS ALVA ODRIA | P75: recepcionmontesinai@hotmail.com | Q75: DR. ALEJANDRO SEGUNDO BARBARÁN ARÉVALO | R75: 991928687 | S75: Tecnólogo Médico: Carlos Enrique Herbias Fajardo y Tecnólogo Médico: Bertha Marina Temoche Vásquez | T75: 1 | U75: 0 | V75: 2 | W75: 0 | X75: N° 2023-0029480, N° 2023-0033484, N° 2023-0045257 y N° 2023-0049231 | Y75: CLINICA SANTA LUCIA, LUIS TEZZA
A76: 71 | B76: PER-BSIA150140-073 | C76: R.D. N° 077-2023 DIGDOT/MINSA | D76: 45012 | E76: 45020 | F76: 13064 | G76: II-E | H76: DIRIS LIMA SUR | I76: CLINICA CEDRON- Médicos & Cirujanos Asociados S.A.C | J76: SANTIAGO DE SURCO | K76: LIMA | L76: LIMA | M76: JIRON EL POLO 438 | N76: PRIVADO | O76: JUAN OTTO CEDRON GOICOCHEA | P76: administracion@clinicacedron.com | Q76: MEDICO PATOLOGO CLINICO ANGEL JONATHAN QUISPE RICCI | R76: 936145180 | S76: TECNOLOGOS MEDICOS: ROBERTO MAURO INCA CASTILLO, ADRIAN MEDARDO BALDEBELLANO BUENDIA | T76: 1 | U76: 0 | V76: 2 | W76: 0 | X76: N° 2023-0032519, 2023-0027952 y 2023-0050094 | Y76: CLINICA SAN PABLO (VIGENTE HASTA SETIEMBRE DEL 2027)
A77: 72 | B77: PER-BSIA230101-074 | C77: R.D. N° 080-2023 DIGDOT/MINSA | D77: 45012 | E77: 45021 | F77: 11466 | G77: I-4 | H77: DIRESA TACNA | I77: CLINICA ISABEL - SERVICIOS INTEGRALES DE SALUD SANTA ANA SAC | J77: TACNA | K77: TACNA | L77: TACNA | M77: CALLE ARICA N° 151 | N77: PRIVADO | O77: GIOVANI VALENCIA HOLGUIN | P77: gerencia@clinicaisbel.pe | Q77: MEDICO PATOLOGO: GIULINA FUENTES ALIAGA | R77: 991840419 / ADMINIST CARLOS TORRES: 952855426 | S77: T.M . VALCERDE SANCHEZ HAYDE, BIOLOGOS: Chiu Casas Ines Erika, Cohaila Pihuaycho Aníbal Hipólito | T77: 1 | U77: 0 | V77: 1 | W77: 2 | X77: N°2023-0025941, N°2023-0041438 | Y77: POR REGULARIZAR
A78: 73 | B78: PER-BSIA150130-075 | C78: R.D. N° 078-2023 DIGDOT/MINSA | D78: 45015 | E78: 45019 | F78: 12446 | G78: I-4 | H78: DIRIS LIMA CENTRO | I78: CENTRO DE FERTILIDAD Y REPRODUCCIÓN ASISTIDA S.A.C. | J78: SAN BORJA | K78: LIMA | L78: LIMA | M78: AV. GUARDIA CIVIL N°715 | N78: PRIVADO | O78: KARL YGOR PEREZ ZOLF | P78: VICTORLARA@CEFRA.COM.PE | Q78: MEDICO PATÓLOGO CLINICO RAFAEL IGNACIO RODRIGUEZ BAYONA | R78: 981839312 // 959213350 T.M ROBERTO JOSÉ GONZALES HERRERA | S78: T.M ROBERTO JOSÉ GONZALES HERRERA | T78: 1 | U78: 0 | V78: 1 | W78: 0 | X78: N°N°2023-0028529, N°2023-0037611, N°2023-0048642 | Y78: CLINICA SAN BORJA
A79: 74 | B79: PER-BSIA080601-076 | C79: R.D. N° 084-2023 DIGDOT/MINSA | D79: 45015 | E79: 45028 | F79: 10063 | G79: II-1 | H79: DIRESA CUSCO | I79: SEGURO SOCIAL DE SALUD - ESSALUD SICUANI | J79: SICUANI | K79: CANCHIS | L79: CUSCO | M79: AV. EL SOL N°501. LA BOMBONERA | N79: ESSALUD | O79: VALERIO SALAS SUNA | P79: VALERIO.SALAS@ESSALUD.GOB.PE, CEL 982119994 | Q79: MEDICO PATÓLOGO NADIA DEL CARPIO CUENTAS | R79: 984774748 | S79: T.M. CARLOS PAUCAR AYMA, T.M. PAUL VEAS NAJAR, T.M. ALCI ESPICHAN FERNANDEZ . BLGO HENRY PASTOR GIVERA | T79: 1 | U79: 0 | V79: 3 | W79: 1 | X79: N°2023-0015140, N°2023-0021427 | Y79: POR REGULARIZAR
A80: 75 | B80: PER-BSIA150120-077 | C80: R.D. N° 081-2023 DIGDOT/MINSA | D80: 45012 | E80: 45021 | F80: 15349 | G80: II-E | H80: DIRIS LIMA CENTRO | I80: CLINICA MEDICAL PLASTIC SAC | J80: MAGDALENA DEL MAR | K80: LIMA | L80: LIMA | M80: AV. BRASIL 3281 | N80: PRIVADO | O80: RAMIRO MOISES ARAUCO JIMENEZ | P80: doctor@ramiroarauco.com | Q80: MEDICO PATOLOGO MARIELA DELGADO BURGA | R80: Administrador: Angel Arauco cel: 975 002 359 | S80: T.M. JOSE IBARRA CORTEZ | T80: 1 | U80: 0 | V80: 1 | W80: 0 | X80: N° 2023-0032999 y 2023-0044693 | Y80: POR REGULARIZAR
A81: 76 | B81: PER-BSIA100101-078 | C81: R.D. N° 083-2023 DIGDOT/MINSA R.D. N° 043-2024 DIGDOT/MINSA | D81: 30/03/2023 10/07/2024 | E81: 12/04/2023 24/07/2024 | F81: 28860 | H81: DIRESA HUANUCO | I81: Clínica Dr. Vitor Empresa Individual de Responsabilidad Limitada – Centro Traumatológico Dr. Vitor (SUSPENSION DEFINITIVA) | J81: HUANUCO | K81: HUANUCO | M81: JR. HEMILIO VALDIZAN N° 981 | O81: YOLANDA ATENCIA CORDOVA | P81: clinicadrvitor29@outlook.com | Q81: ANATOMO PATOLOGO: JUAN MOTTA RODRIGUEZ | R81: Dr. Vitor: 950519393 | S81: DR. ANATOMO PATOLOGO: JUAN MOTTA RODRIGUEZ, TM. QUESQUEN CARRILLO WILDER, TM. JOSE QUISPE JIMENEZ | T81: 0 | U81: 1 | V81: 3 | W81: 0 | X81: N° 2023-0032999 y 2023-0044693 | Y81: POR REGULARIZAR
A82: 77 | B82: PER-BSIA150140-079 | C82: R.D. N° 089-2023 DIGDOT/MINSA | D82: 45020 | E82: 45030 | F82: 33799 | G82: II-E | H82: DIRIS LIMA SUR | I82: CLINICA ZEGARRA SAC | J82: SANTIAGO DE SURCO | K82: LIMA | L82: LIMA | M82: AV. PRIMAVERA N° 886 | N82: PRIVADO | O82: WALTER FRANK ZEGARRA AVILA | P82: administracion@clinicazegarra.com | R82: DR. LUIS 924689555 | S82: T.M FRANKLIN MTEO ROBLES | T82: 1 | U82: 0 | V82: 1 | W82: 0 | X82: N°2023-0034839 Y N°2023-0049408 | Y82: CONGREGACION HIJAS DE SAN CAMILO - CLINICA PADRE LUIS TEZZA
A83: 78 | B83: PER-BSIA200601-080 | C83: R.D. N° 087-2023 DIGDOT/MINSA | D83: 45020 | E83: 45030 | F83: 16148 | G83: II-1 | H83: DIRESA PIURA | I83: CLINICA OLGUIN- CLINICA OLGUIN E.I.R.L | J83: SULLANA | K83: SULLANA | L83: PIURA | M83: CALLE SUCRE N°1300 | N83: PRIVADO | O83: SERGIO OLGUIN PLASCENCIA | P83: adm.clinicaolguin@gmail.com | Q83: HEMATOLOGO CLINICO: MARIA FRANCESCA TASSARA COCCHINI | R83: ADM: 979892538 | S83: TM: LILIANA OLGUIN REATEGUI, JULINHO HERNAN ORDINOLA ZAPATA, CARLOS NAVARRO HERRERA, MERCEDES RAMOS CASTRO | T83: 0 | U83: 1 | V83: 4 | W83: 0 | X83: N° 2023-0024485, 2023-0039249, 2023-0052262 y 2023-0056072 | Y83: POR REGULARIZAR
A84: 79 | B84: PER-BSIA220901-081 | C84: R.D. N° 088-2023 DIGDOT/MINSA | D84: 45020 | E84: 45030 | F84: 18592 | G84: I-4 | H84: DIRESA SAN MARTIN | I84: CENTRO MEDICO DE LA MUJER CORAZON DE JESUS - SERVICIOS MEDICOS Y DE EDUCACION PARA LA SALUD E.I.R.L. | J84: TARAPOTO | K84: SAN MARTIN | L84: SAN MARTIN | M84: JIRON LEONCIO PRADO N°1572 | N84: PRIVADO | O84: RAUL ESTUARDO ARROYO TIRADO | P84: rarroyo_t2@hotmail.com | Q84: PATOLOGO CLINICO: ELISA GUZMAN SOTO | R84: 978 821 292 | S84: PATOLOGO: ELISA GUZMAN SOTO, TM: CASTRO RAMIREZ MARIBEL, BLGA.MARIA CORNEJO ARCE | T84: 1 | U84: 0 | V84: 1 | W84: 1 | X84: N° 2023-0034501, 2023-0040080 y 2023-0054225 | Y84: BANCO DE SANGRE REGIONAL SAN MARTIN
A85: 80 | B85: PER-BSIA80601-082 | C85: R.D. N° 090-2023 DIGDOT/MINSA - R.D. N° 190-2023 DIGDOT/MINSA | D85: 45029 | E85: 45035 | F85: 2378 | G85: II-1 | H85: GERESA CUSCO | I85: HOSPITAL DE SICUANI | J85: SICUANI | K85: CANCHIS | L85: CUSCO | M85: AV. MANUEL CALLO ZEVALLOS N°519 | N85: MINSA | O85: EFRAIN ALCAZAR GOMEZ | P85: mesadeparteshacrs@hospitalsicuaniacr.gob.pe | Q85: MEDICO ESPECIALISTA MEDICINA INTERNA: DR. ADRIAN MURIEL MOSCOSO | R85: 984205444 / 928717145 | S85: BLGO. OSCAR FLORES HUANCA, BLGO. MARINA PUENTE DE LA VEGA, BLGO. DEYBI QUISPE CCAMA, BLGO. EMMA PIZARRO DEL CARPIO, BLGO. ARNOLD RAUL GUTIERREZ. | T85: 0 | U85: 1 | V85: 0 | W85: 5 | X85: N°2023-0010054,2023-0018349,2023-0022194,2023-24076,2023-0054711,2023-0057052,2023-0060345 | Y85: POR REGULARIZAR
A86: 81 | B86: PER-BSIA130105-083 | C86: R.D. N° 091-2023 DIGDOT/MINSA | D86: 45029 | E86: 45037 | F86: 5226 | G86: II-1 | H86: GERESA LA LIBERTAD | I86: GERENCIA REGIONAL DE SALUD LA LIBERTAD - HOSPITAL DISTRITAL JERUSALÉN | J86: LA ESPERANZA | K86: TRUJILLO | L86: LA LIBERTAD | M86: AV. LOS CEDROS CUADRA 4 S/N | N86: MINSA | O86: DRA. FLOR M. CABALLERO LAVADO | P86: hospitaljerusalen@ristrujillo.gob.pe - h.d.jerusalen.2011@gmail.com | Q86: DRA. CATHERINE DEL PILAR SAENZ PAREDES | R86: 961000913 | S86: TM. JORGE GARCIA VEGA, TM. CITA GARCIA MANTILLA, TM. ZARELA JARA GOMEZ, TM. LUZ AMELIA CACEDA MEJIA, TM. CARMEN AGUIRRE LINARES | T86: 1 | U86: 0 | V86: 5 | W86: 0 | X86: N° 2023-0035515 y N° 2023-0048695 | Y86: HOSPITAL REGIONAL DOCENTE DE TRUJILLO
A87: 82 | B87: PER-BSIA150130-084 | C87: R.D. N° 092-2023 DIGDOT/MINSA | D87: 45035 | E87: 45042 | F87: 32441 | G87: II-E | H87: DIRIS LIMA CENTRO | I87: CLINICA SAN BORJA SALUD - SERVICIOS MEDICOS INTEGRALES SISMEDIX E.I.R.L | J87: SAN BORJA | K87: LIMA | L87: LIMA | M87: AV.SAN BORJA SUR NUMERO 285-URBANIZACION SAN BORJA | N87: PRIVADO | O87: DORIS AURIS RODRIGUEZ | P87: dorisaurisr@sanborjasalud.pe | Q87: ZAIDA VIRGINIA MELGAR HERMOZA | R87: 951530757 zmelgarhermoza@gmail.com | S87: TM. LORENA CANALES VILCHEZ, TM.HERNAN BERNARDO ESPINOZA GALLO, TM. ALEJANDRO SANTIAGO MENESES LAZON | T87: 1 | U87: 0 | V87: 3 | W87: 0 | X87: N° 2023-0035332 2023-0047813 Y y 2023-0061559 | Y87: POR REGULARIZAR
A88: 83 | B88: PER-BSIA40126-085 | C88: R.D. N° 095-2023 DIGDOT/MINSA | D88: 45035 | E88: 45042 | F88: 12907 | G88: II-1 | H88: GERESA AREQUIPA | I88: SISTEMAS DE ADMINISTRACION HOSPITALARIA S.A.C (SANNA-CLINICA DEL SUR) | J88: YANAHUARA | K88: AREQUIPA | L88: AREQUIPA | M88: AV.BOLOGNESI Nº134 | N88: PRIVADO | O88: CARLO FRANCESCO GIRONZINI ORTEGA | P88: carlo.gironzini@sanna.pe | Q88: DRA. MARIA ALEJANDRA ALFARO MESTAS | R88: 992584622 | S88: - Tecnólogo Médico: Candy Roncalla Cabana - Tecnólogo Médico: Pierina Delgado Coila. - Tecnólogo Médico: Leidy Cano Quispe. - Bióloga: Marisol Rodríguez Peña. - Bióloga: Joysen Torres Huaranca - Bióloga: Fabiola Miauri Chora. - Bióloga: Cynthia Romero Sánchez. | T88: 1 | U88: 0 | V88: 3 | W88: 4 | X88: 2023-0022978, 2023-0030938 y 2023-0042351 | Y88: POR REGULARIZAR
A89: 84 | B89: PER-BSIA130101-086 | C89: R.D. N° 096-2023 DIGDOT/MINSA | D89: 45040 | E89: 45058 | F89: 8685 | G89: II-1 | H89: GERESA LA LIBERTAD | I89: HOSPITAL I ALBRECHT-SEGURO SOCIAL DE SALUD | J89: TRUJILLO | K89: TRUJILLO | L89: LA LIBERTAD | M89: Av. Jesús de Nazareth S/N Residencial Albrecht | N89: ESSALUD | O89: ANGEL PEDRO RUIZ MENDEZ | P89: angel.ruiz@essalud.gob.pe | Q89: M.C. Karen Yanet Castillo Minaya | R89: 943868974 | S89: TM. Doris Malásquez Nolasco, TM.Anilú Delgado Seclén, TM. Amada Gonzales Alvarado, TM. Rosa Reyes Fernandez, TM. Silvia Campos Tocas, ACTUALIZACIÓN DE RCURSO HUMANO 07/04/2025 MEDIANTE OFICIO N° 0000001-SAADT-HIALBRECHT-RALL-ESSALUD 2025: T.M. ROSA REYES FERNANDEZ, T.M. DORIS MALASQUEZ NOLASCO, T.M. JESUS DELGADO SECLEN, T.M. AMADA GONZALES ALVARADO, T.M. SILVIA CAMPOS TOCAS | T89: 1 | U89: 0 | V89: 5 | W89: 0 | X89: N° 2023-0023908, N° 2023-0028928 y N° 2023-0053460 | Y89: POR REGULARIZAR
A90: 85 | B90: PER-BSIA150130-087 | C90: R.D. N° 098-2023 DIGDOT/MINSA | D90: 45040 | E90: 45090 | F90: 12975 | G90: II-1 | H90: DIRIS LIMA CENTRO | I90: ESPECIALIDADES MEDICAS UNIVERSAL S.A-CL ESPECIALIDADES MEDICAS | J90: SAN BORJA | K90: LIMA | L90: LIMA | M90: JR.EDUARDO ORDOÑES Nº468 | N90: PRIVADO | O90: EDGAR ALFREDO VASQUEZ RODRIGUEZ | P90: comunicaciones@especialidadesmedicas.org | Q90: DRA. VANESSA VALDEZ | R90: 976182076 | S90: -TM.Patricia Malvaceda Espinoza, TM.Jancarlo Condori FuentesTM.Cristóbal Semillan López, TM.José Velarde Albites | T90: 2 | U90: 0 | V90: 4 | W90: 0 | X90: Nº 2023-0032210 y Nº 2023-0041940 | Y90: POR REGULARIZAR
A91: 86 | B91: PER-BSIA220401-088 | C91: R.D. N° 102-2023 DIGDOT/MINSA | D91: 45042 | E91: 45058 | F91: 6529 | G91: I-4 | H91: DIRESA SAN MARTIN | I91: RURAL SAPOSOA - OFICINA DE GESTIÓN DE SERVICIOS DE SALUD HUALLAGA CENTRAL | J91: SAPOSOA | K91: SAN MARTIN | L91: SAN MARTIN | M91: JR ELISA PEÑA HERERA N°535 | N91: MINSA | O91: Mario Elías Ríos Bartra | P91: rioma456@gmail.com | Q91: MC.MARIO ELIAS RIOS BARTRA | R91: 982085325 | S91: T.M. Loida Eunice Díaz Ignacio, T.M. Yndira Pamela Montalván Elera, T.M. Virgilio Cardenas Valles | T91: 0 | U91: 2 | V91: 1 | W91: 0 | X91: N°2023-0037764 y N°0046326 | Y91: BANCO DE SANGRE REGIONAL SAN MARTIN
A92: 87 | B92: PER-BSIA150135-089 | C92: R.D. N° 100-2023 DIGDOT/MINSA | D92: 45042 | E92: 45077 | F92: 10603 | G92: II-2 | H92: DIRIS LIMA NORTE | I92: CLINICA MÉDICA CAYETANO HEREDIA S.A. | J92: SAN MARTIN DE PORRES | K92: LIMA | L92: LIMA | M92: AV.HONORIO DELGADO Nº370 URB. INGIENERIA | N92: PRIVADO | O92: KEVEEEN STEVE SALIRROSAS FLORES | P92: ksalirrosas@cmch.com.pe | Q92: DRA. GUERRA LOZANO RUTH MARIELA | R92: 945506386 | S92: Alejos Flores Saul, TM.Andrade Tovar Andrés, TM.De la Cruz Bernable, TM.Cárdenas Perea Alexis, TM.Leyva Coronel Liliana, TM.Saenz Lermo Okiro | T92: 1 | U92: 0 | V92: 6 | W92: 0 | X92: Nº2023-0044111 | Y92: POR REGULARIZAR
A93: 88 | B93: PER-BSIA160101-090 | C93: R.D. N° 099-2023 DIGDOT/MINSA | D93: 45040 | E93: 45051 | F93: 12854 | G93: II-1 | H93: GERESA LORETO | I93: CLINICA ADVENTISTA ANA STAHL | J93: IQUITOS | K93: MAYNAS | L93: LORETO | M93: AV. LA MARINA N°285 | N93: PRIVADO | O93: M.C. JUAN CARLOS CASTRO SÁNCHEZ | P93: direccion.general@clinicaanastahl.org.pe | Q93: HEMATÓLOGO ROGER ROMERO OCHOA | R93: 946313882 (BIOL. LENNER ) | S93: BIOL. EDGAR VALDERRAMA ROJAS, BIOL. LENNER ARÉVALO ZAGACETA, T.M. FRANK CÓRDOVA VÁSQUEZ, BIOL. BRYAN ARÉVALO RODRIGUEZ | T93: 1 | U93: 0 | V93: 1 | W93: 3 | X93: N°2023-0061189, N°2023-0071260 | Y93: POR REGULARIZAR
A94: 89 | B94: PER-BSIA120101-091 | C94: R.D. N° 104-2023 DIGDOT/MINSA | D94: 45043 | E94: 45058 | F94: 25971 | G94: II-1 | H94: DIRESA JUNÍN | I94: GRUPO SAN PABLO TWINS SOCIEDAD COMERCIAL DE RESPONSABILIDAD LIMITADA – CLÍNICA BILBAO | J94: HUANCAYO | K94: HUANCAYO | L94: JUNIN | M94: AV. DANIEL ALCIDES CARRIÓN N°1025 | N94: PRIVADO | O94: M.C. DELCY EDITH FIERRO FLORES | P94: gerenciaadministrativa@clinicabilbao.com.pe | Q94: PATÓLOGA CLÍNICA LILY FIERRO FLORES | R94: 964993747(ADMIN. DANIEL GOMEZ TORRES) | S94: T.M. EVELYN ROMERO TROCIOS, T.M. CARMEN MALLQUI HUAROC, T.M. TANIA INGARUCA ROJAS | T94: 1 | U94: 0 | V94: 3 | W94: 0 | X94: N°2023-0038737, N°2023-0059920 | Y94: POR REGULARIZAR
A95: 90 | B95: PER-BSIA150122-092 | C95: R.D. N° 103-2023 DIGDOT/MINSA | D95: 45042 | E95: 45090 | F95: 16121 | G95: II-E | H95: DIRIS LIMA CENTRO | I95: CENTRO MEDICO AVENDAÑO S.A.C | J95: MIRAFLORES | K95: LIMA | L95: LIMA | M95: CALLE LEONIDAS AVENDAÑO Nº116 | N95: PRIVADO | O95: OSCAR GUSTAVO SALINAS SEDO | P95: acastro@clinicaavendanoperu.com - 922442419 | Q95: Dr. Juan Carlos Peñaranda Salazar | R95: 939110875 | S95: TM. Castañeda Santander Flor., TM. Inga | T95: 1 | U95: 0 | V95: 2 | W95: 0 | X95: Nº2023-0042871, Nº2023-0058896 | Y95: CLÍNICA CENTENARIO PERUANO JAPONESA (Carta N° 160-2024/DM-CCPJ | Z95: COMUNICA CAMBIO DE LOCACION DE 1ER A 2DO PISO 21/04/25; A TRAVES DE OFICIO S/N DE FECHA 10/04/2025 COMUNICA CAMBIO DE INSFRAESTRUCTURA Y UBICACIÓN, LLEGA EXPED 09/05/2025
A96: 91 | B96: PER-BSIA140101-093 | C96: R.D. N° 101-2023 DIGDOT/MINSA | D96: 45042 | E96: 45076 | F96: 26706 | G96: II-E | H96: GERESA LAMBAYEQUE | I96: CLINICA UNION SAC | J96: CHICLAYO | K96: CHICLAYO | L96: LAMBAYEQUE | M96: CALLE TORRS PAZ N°204 Y 230 | N96: PRIVADO | O96: ROCIO ELVIRA RODAS MONTENEGRO | P96: clinica.union@hotmail.com | Q96: M.C. Tony Herman Farías Rodríguez: Médico Patólogo Clínico | R96: 979353197 Dr. Farias /961944376 | S96: Biólogas: Carla Alejandra Rabines Arriaga, Fabiola Vanessa García Bollona | T96: 1 | U96: 0 | V96: 0 | W96: 2 | X96: N°2023-0040437 | Y96: POR REGULARIZAR
A97: 92 | B97: PER-BSIA130101-094 | C97: R.D. N° 107 -2023 DIGDOT/MINSA | D97: 45043 | E97: 45058 | F97: 12301 | G97: II-1 | H97: GERESA LA LIBERTAD | I97: CLINICA SAN ANTONIO S.A.C. | J97: TRUJILLO | K97: TRUJILLO | L97: LA LIBERTAD | M97: AV. LARCO N° 630 URB. SAN ANDRES | N97: PRIVADO | O97: ELIZABETH SANCHEZ ROCAL DE BUENO GG - CARLOS BUENO SANCHEZ DM | P97: clinicasanantonio2000@hotmail.com | Q97: Dr. Virgilio Alberto Salinas Rodríguez | R97: 977172488 (TM. Maria) | S97: Hematologo Dr. Virgilio Alberto Salinas Rodríguez, - TM: María Isabel Salirrosas Rodríguez, Bióloga: María Pérez Muguerza, Bióloga: Roxana del Pilar Acosta Aliaga | T97: 0 | U97: 1 | V97: 1 | W97: 2 | X97: N° 2023-0040355, N° 2023-0062198 y N° 0065052 | Y97: POR REGULARIZAR
A98: 93 | B98: PER-BSIA060201-095 | C98: R.D. N° 105-2023 DIGDOT/MINSA | D98: 45043 | E98: 45058 | F98: ´004511 | G98: II-1 | H98: DIRESA CAJAMARCA | I98: DIRECCIÓN REGIONAL DE SALUD - CAJAMARCA - DE APOYO CAJABAMBA | J98: CAJABAMBA | K98: CAJAMARCA | L98: CAJAMARCA | M98: CASERIO PARUBAMBA S/N | N98: MINSA | O98: M.C. NEIL CABELLOS CALDERÓN | P98: manu10_96@hotmail.com | Q98: M.C. MELVIN OCAS AJIFF | R98: 976389748 (DR. MELVIN) | S98: BIOL. ROLANDO GIL CRUZADO, BIOL. CARLOS REYNA VIGO, BIOL. JOSÉ GAMARRA ALVARADO, BIOL. SALLY ESPINOZA PERALTA, BIOL. TATIANA MAS CUEVA, BIOL. YURI HORNA VILLALOBOS | T98: 0 | U98: 1 | V98: 0 | W98: 5 | X98: N°2023-0045386, N°2023-0059410, N°2023-0073291 | Y98: POR REGULARIZAR
A99: 94 | B99: PER-BSIA070106-096 | C99: R.D. N° 106-2023 DIGDOT/MINSA | D99: 45043 | E99: 45058 | F99: ´009917 | G99: II-E | H99: DIRESA CALLAO | I99: EMP. DE SERV. DE SALUD POLICL. CARRION S.A.-CLINICA CARRION | J99: VENTANILLA | K99: CALLAO | L99: CALLAO | M99: AV. PEDRO VELTRAN 175 | N99: PRIVADO | O99: LUIS ESTUARDO ORDOÑEZ FERRO | P99: leof_07@yahoo.es | Q99: JESUS DEMOSTENES GOZALES MOSCOSO | R99: 995426619 | S99: T.M. MANUEL MARTIN DIAZ QUEPUY-T.M. KACY CANO NAUCAPOMA | T99: 1 | U99: 0 | V99: 2 | W99: 0 | X99: N° 2023-0041379, N° 2023-0054617, N° 2023-0068427 | Y99: POR REGULARIZAR
A100: 95 | B100: PER-BSIA150111-097 | C100: R.D. N° 108-2023 DIGDOT/MINSA | D100: 45055 | E100: 45058 | F100: 26299 | G100: II-E | H100: DIRIS LIMA ESTE | I100: CASTE & SOF SALUD SAC | J100: EL AGUSTINO | K100: LIMA | L100: LIMA | M100: AV. CESAR VALLEJO N°1545 COOP. TAYACAJA | N100: PRIVADO | O100: EDELFINA CONDEZO TRUJILLO | P100: castesof@gmail.com ONCOVIDAA@GMAIL.COM | Q100: MC. PATOLOGO BETSI PEÑA BELTRAN | R100: 908838529 (ADM) | S100: TM. SANTOS SALAZAR YESSICA, TM. SIMON ARHUATA CASAVILCA, TM. BARRETO CLEMENTE GLORIA, LIC. TORRES CARRILLO MAGDA | T100: 1 | U100: 0 | V100: 4 | W100: 0 | X100: N° 2023-0058385, 2023-0064294, 2023-0073379 | Y100: HOSPITAL LIMA ESTE
A101: 96 | B101: PER-BSIA100101-098 | C101: R.D. N° 114-2023 DIGDOT/MINSA | D101: 45064 | E101: 45071 | F101: 35260 | G101: II-E | H101: DIRESA HUANUCO | I101: CLINICA BOLIVAR SAC | J101: HUANUCO | K101: HUANUCO | L101: HUANUCO | M101: JR. EL PROGRESO 351 | N101: PRIVADO | O101: KATHLYN MARGRET ALVARADO SABRERA | P101: clinicabolivar.hco@gmail.com | Q101: DRA. OLGA TUCTO LOPEZ (jefe) - DR. VICTOR HUGO SEGURA LOPEZ | R101: 985534642 (Olga) - 954182779 (Victor) | S101: M.C. Olga Tucto López, M.C. Víctor Hugo Segura López, TM. Víctor Edgardo Quesquen Carrillo, TM. Alex Jordan Davila Cotera, TM Mesache Elda Bedon Paulino, TM. Luis Wilfredo Meza Pagano y TM. Jahayra Nohely Toledo Cheppe. | T101: 1 | U101: 0 | V101: 5 | W101: 0 | X101: N° 2023-0052742, N° 2023-0069615 | Y101: POR REGULARIZAR
A102: 97 | B102: PER-BSIA150140-099 | C102: R.D. N° 109-2023 DIGDOT/MINSA | D102: 45055 | E102: 45058 | F102: 24304 | G102: II-E | H102: DIRIS LIMA SUR | I102: CLINICA BINOMIUM - CLÍNICA BINOMIUM EMPRESA INDIVIDUAL DE RESPONSABILIDAD LIMITADA - CLÍNICA BINOMIUN E.I.R.L | J102: SANTIAGO DE SURCO | K102: LIMA | L102: LIMA | M102: AVENIDA ALFREDO BENAVIDES N°3833-3837 URB. CHAMA | N102: PRIVADO | O102: FERNANDO BENJAMIN NEIRA CARPIO | P102: clinicarinofacialbybinomium@clinicabinomium.com | Q102: PATOLOGO CLINICO RAFAEL IGNACIO JOAQUIN RODRIGUEZ BAYONA | R102: 981839312 | S102: TM JOHANNA ARACELLI ZUÑIGA MORENO, TM ROBERTO JOSE GONZALES HERRERA | T102: 1 | U102: 0 | V102: 2 | W102: 0 | X102: N°2023-2023-0067713, N°2023-0076884 | Y102: POR REGULARIZAR
A103: 133 | B103: PER-BSIA110201-135 | C103: R.D. N° 175-2023 DIGDOT/MINSA | D103: 45191 | E103: 45210 | F103: 17493 | G103: II-1 | H103: DIRESA ICA | I103: RS: CLINICA GAXAY E.I.R.L, NC: CLINICA GAXAY | J103: CHINCHA ALTA | K103: CHINCHA | L103: ICA | M103: AV. AMERICA MZ. B LOTE 3 N°110 | N103: PRIVADO | O103: GROVER NUMA FUENTES YALLE | P103: clinicagaxay@yahoo.com | Q103: PATOLOGA Jaqueline Caridad Tello Almeyda | R103: 952871844 | S103: TM. Julio Alejandro Canto Yauricasa, TM.Carlos Alberto Reyes García | T103: 1 | U103: 0 | V103: 2 | W103: 0 | X103: N° 2023-0143636 y N° 2023-0168719 | Y103: POR REGULARIZAR
A104: 99 | B104: PER-BSIA80108-101 | C104: R.D. N° 112-2023 DIGDOT/MINSA | D104: 45062 | E104: 45071 | F104: 12161 | G104: II-2 | H104: GERESA CUSCO | I104: Médicos Asociados Cusco Sociedad Anonima - MACSALUD | J104: WANCHAQ | K104: CUSCO | L104: CUSCO | M104: AV. DE LA CULTURA N° 1410 | N104: PRIVADO | O104: PEDRO FRANCIA QUESADA | P104: pfrancia@macsalud.com | Q104: PATOLOGO CLINICO: DR. ROCIO LANDA SIERRA | R104: 984 983 288 | S104: DRA. ROCIO LANDA SIERRA / TM. KARINA YARIN MORA / TM. ZANDARA ROMERO CUYSO / TM. ELIAN NUÑEZ CHAMPI / TM. OSCAR CRUZ VILLACORTA | T104: 1 | U104: 0 | V104: 5 | W104: 0 | X104: N° 2023-0059278, 2023-0062420, 2023-0081567 | Y104: POR REGULARIZAR
...

Sheet BS I B
A4: BANCO DE SANGRE TIPO I B | AA4: MINSA 5 ESSALUD 3 FFAA 0 | AD4: -
A5: N° | B5: N° DE INSCRIPCIÓN | C5: ACTO RESOLUTIVO | D5: FECHA (DIA/MES/AÑO) | E5: FECHA DE PUBLICACION RD | F5: RENIPRESS | G5: CATEGORIA | H5: DIRIS/DIRESA | I5: IPRESS | J5: DISTRITO | K5: PROVINCIA | L5: REGION | M5: DIRECCIÓN | N5: SUBSECTOR | O5: DIRECTOR | P5: CONTACTO | Q5: JEFE DE BANCO DE SANGRE | R5: CONTACTO | S5: PERSONAL | T5: Patólogo Clínico | U5: Otra Especial | V5: T.M. | W5: Biól. | X5: N° EXPEDIENTE | Y5: CONVENIO | AA5: PRIVADO | AB5: =COUNTIF(N6:N601,"PRIVADO") -> 39
A6: 1 | B6: PER-BSIB131001-001 | C6: R.D. N° 008-2022 DIGDOT/MINSA | D6: 44874 | E6: 44909 | F6: 5332 | G6: II-1 | H6: GERESA LA LIBERTAD | I6: HOSPITAL CESAR VALLEJO MENDOZA | J6: SANTIAGO DE CHUCO | K6: SANTIAGO DE CHUCO | L6: LA LIBERTAD | M6: CALLE MARISCAL CÁCERES N° 1145 | N6: MINSA | O6: DR JORGE CABALLERO | P6: jacrmed@hotmail.com | Q6: Dra. CARLA PATRICIA RODRIGUEZ PALOMINO | S6: T.M. Heiner Vásquez Idrogo, T.M. Solange Thalía Ramos Córdova, T.M. Carlos Fernando Jimenez Ramos, Bióloga Katherine Liliana Zapata Cabañas | T6: 1 | U6: 0 | V6: 3 | W6: 1 | X6: N° 2022-0046422, N° 2022-0068637 | Y6: POR REGULARIZAR | AA6: MINSA | AB6: =COUNTIF(N6:N602,"MINSA") -> 23
A7: 2 | B7: PER-BSIB150131-002 | C7: R.D. N° 010-2022 DIGDOT/MINSA | D7: 44883 | E7: 44909 | F7: 9437 | G7: II-2 | H7: DIRIS LIMA CENTRO | I7: PROMOTORA ASISTENCIAL S.A.C CLÍNICA LIMATAMBO | J7: SAN ISIDRO | K7: LIMA | L7: LIMA | M7: AVENIDA REPUBLICA DE PANAMA N° 3606 | N7: PRIVADO | O7: DR. EDGARDO BERTILO MALPARTIDA FANTINI (GG) DR. DANIEL MONTESINOS AVILA (DM) | P7: (01) 617-1111 jsalazar@clinicalimatambo.com | Q7: MÉDICA PATÓLOGA CLÍNICA TEOFILA CARMEN ESTACIO ROJAS | R7: Cel: 999 667 910 Correo: estaciolab@hotmail.com | S7: Dra. Teófila Carmen Estacio Rojas - Médico Patólogo Clínico, Tecnóloga Médica: Jessica Aima Huallpa, Tecnólogo Médico: Edward Paul Cayetano Méndez, Tecnólogo Médico: Christopher Toledo Gamonal | T7: 1 | U7: 0 | V7: 3 | W7: 0 | X7: N° 2022-0075013, N° 2022-0084531 | Y7: HOSPITAL SANTA ROSA | AA7: ESSALUD | AB7: =COUNTIF(N6:N603,"ESSALUD") -> 19
A8: 3 | B8: PER-BSIB120301-003 | C8: R.D. N° 015-2022 DIGDOT/MINSA | D8: 44895 | E8: 45041 | F8: 8656 | G8: II-1 | H8: DIRESA JUNIN | I8: HOSPITAL SELVA CENTRAL Y ENFERMEDADES TROPICALES "HUGO PESCE PESCETTO" | J8: CHANCHAMAYO | K8: CHANCHAMAYO | L8: JUNIN | M8: JR. LOS CAUCHOS N° 223-271 Y JR. LOS ROBLES N° 527 | N8: ESSALUD | O8: DR. JULIO AZAÑA MUÑOZ | P8: julio.azana@essalud.gob.pe, gina.daniran@essalud.gob.pe | Q8: MÉDICO PATÓLOGO CLÍNICO MARIO LINARES SULLCA | R8: Cel: 943933977; mariolinares@gmail.com | S8: Médico Patólogo Clínico Mario Linares Sullca, T.M. Arias González Paul Eduardo, T.M. Paolo Félix Sedano Guerrero, T.M. Jaqueline Bellissa Cóndor Romero | T8: 1 | U8: 0 | V8: 3 | W8: 0 | X8: N° 2022-0063224, N° DIGDOT20220000469 | Y8: POR REGULARIZAR | AA8: FFAA | AB8: =COUNTIF(N6:N604,"FFAA") -> 0
A9: 4 | B9: PER-BSIB1171-004 | C9: R.D. N° 020-2022 DIGDOT/MINSA | D9: 44900 | E9: 44999 | F9: 5292 | G9: II-1 | H9: GERESA LA LIBERTAD | I9: HOSPITAL TOMAS LA FORA | J9: GUADALUPE | K9: PACASMAYO | L9: LA LIBERTAD | M9: JR AYACUCHO N° 251 | N9: MINSA | O9: ELSA CLARA LA TORRE CRUZ | P9: elsa_claral@yahoo.es | Q9: MC. JULIO CESAR RODRIGUEZ CRUZ | R9: Cel:955371669 | S9: MC. JULIO CESAR RAMIREZ CRUZ, Tecnólogo Médico: Genaro Tomas Gálvez Abanto, Tecnólogo Medico: Edy Alcides Alvarado Chomba, Tecnólogo Medico : Marcela Quiroz Casos | T9: 1 | U9: 0 | V9: 3 | W9: 0 | X9: N° 2022-2022-0093906 | Y9: POR REGULARIZAR | AA9: PNP | AB9: =COUNTIF(N6:N605,"PNP") -> 0
A10: 5 | B10: PER-BSIB150131-005 | C10: R.D. N° 003-2023 DIGDOT/MINSA | D10: 44931 | E10: 44949 | F10: 8398 | G10: II-2 | H10: DIRIS LIMA CENTRO | I10: SISTEMAS DE ADMINISTRACIÓN HOSPITALARIA S.A.C.- SANNA CLÍNICA EL GOLF | J10: SAN ISIDRO | K10: LIMA | L10: LIMA | M10: AV. AURELIO MIRO QUESADA N° 1030 | N10: PRIVADO | O10: DR. LUIS TRUJILLO POMIANO | Q10: DR GIANCARLO DEMICHELLI ARIAS | R10: 999260631 | S10: Medico Patologo clinico: Olga Margarita Lopez Odría; Tecnologos Medicos: María Elena del Carmen Mostacero Castillo, Vania Paloma Laguna Paz, Luani Nair Linares Masson, Hime Joel Granda García, Edson Jan Carlo Abanto Izquierdo ,Yohana Maricela Cienfuegos Mellado , Jonathan Velásquez Cuba, Ana María Rodríguez Apolo, Jhan Francis Canales Loayza, Carlos Ernesto Escala Soto | T10: 1 | U10: 0 | V10: 10 | W10: 0 | X10: N° 2022-0096406 , 2022-0104934 y 2022-0113634 | Y10: CLINICA SAN BORJA SANNA | AA10: APP | AB10: =COUNTIF(N6:N606,"APP") -> 0
A11: 6 | B11: PER-BSIB150101-006 | C11: R.D. N° 012-2023 DIGDOT/MINSA | D11: 44938 | E11: 44953 | F11: 6209 | G11: III-2 | H11: DIRIS LIMA CENTRO | I11: INSTITUTO NACIONAL DE CIENCIAS NEUROLOGICAS | J11: LIMA/BARRIOS ALTOS | K11: LIMA | L11: LIMA | M11: JR.ANCASH N°1271 | N11: MINSA | O11: DR. JORGE ENRIQUE MEDINA RUBIO | P11: jmedinar@incn.gob.pe, giancarlo.demichelli@gmail.com | Q11: GIANNA GIAMPETRI VANCES | R11: 980673595 | S11: MEDICO PATOLOGO : GIANCARLO DEMICHELLI, TM .CARMEN QUISPE MLEYVA | T11: 1 | U11: 0 | V11: 7 | W11: 0 | X11: N°2022-0092427 -N°2023-0004534 | Y11: POR REGULARIZAR
A12: 7 | B12: PER-BSIB150117-007 | C12: R.D. N° 021-2023 DIGDOT/MINSA | D12: 44957 | E12: 44962 | F12: 26936 | G12: II-E | H12: DIRIS LIMA NORTE | I12: CLINICA AVIVA SEDE MENDIOLA | J12: LOS OLIVOS | K12: LIMA | L12: LIMA | M12: Av. Alfredo Mendiola N°6301 | N12: PRIVADO | O12: FLOR DE MARIA DE LAS MERCEDES CALDERON ORMEÑO | P12: flor.calderon@aviva.pe | Q12: MÉDICO PATÓLOGO CLÍNICO JUAN CARLOS GOMEZ DE LA TORRE PRETELL | R12: 965378787 | S12: Dr. Juan Carlos Gómez de la Torre Pretell, Tecnólogo Medico: Rosemary Cristina Ramírez Fajardo, Tecnólogo Medico: Manuel Martin Díaz Quepuy, Tecnólogo Medico: Alexis Cárdenas Perea, Tecnólogo Medico: Keissy Milagros Paredes Guerra, Tecnólogo Medico: Jackelyne Ivette Cullas Musayon | T12: 1 | U12: 0 | V12: 5 | W12: 0 | X12: N° 2023-0000400 | Y12: POR REGULARIZAR
A13: 8 | B13: PER-BSIB150131-008 | C13: R.D. N° 029-2023 DIGDOT/MINSA | D13: 44966 | E13: 44973 | F13: 27320 | G13: II-1 | H13: DIRIS LIMA CENTRO | I13: ONCOCENTER PERÚ S.A.C. - CLÍNICA AUNA GUARDIA CIVIL | J13: SAN ISIDRO | K13: LIMA | L13: LIMA | M13: Av. Guardia Civil N° 368 | N13: PRIVADO | O13: DRA. MARTHA BIBIANA PEREZ VILLABONA | P13: mperezvi@auna.pe | Q13: MÉDICO PATÓLOGO CLÍNICO Christian Enrique Hurtado Tacuri | R13: 941365565 | S13: MÉDICO PATÓLOGO CLÍNICO Christian Enrique Hurtado Tacuri , - Tecnólogo Médico: Carhuamaca Campian Charles, Tecnólogo Médica: Enciso Meza Olga Bertha, Tecnólogo Médica: Zapata Calle Mariela, Tecnólogo Médica: Lucas Grados Lissette Isabel, Tecnólogo Médica: Verastegui Topovich Renata Patricia | T13: 1 | U13: 0 | V13: 5 | W13: 0 | X13: N° 2023-0005799, 2023-0008765 y 2023-0014273 | Y13: POR REGULARIZAR
A14: 9 | B14: PER-BSIB140101-009 | C14: R.D. N° 033-2023 DIGDOT/MINSA | D14: 44966 | E14: 45000 | F14: 30057 | G14: II-E | H14: GERESA LAMBAYEQUE | I14: GSP TRUJILLO S.A.C. - CLÍNICA AUNA SEDE CHICLAYO | J14: CHICLAYO | K14: CHICLAYO | L14: LAMBAYEQUE | M14: AV. MARISCAL NIETO N° 480 | N14: PRIVADO | O14: DRA. CARLA ELIZABETH URIARTE ALAYZA | P14: jarrue@auna.pe | Q14: MÉDICO PATÓLOGO CLINICO JOHAN ARRUE HERNANDEZ | R14: 987770649 | S14: Médico Patólogo Clínico Johan Arrue Hernández, Tecnólogos Médicos: Marilú Piscoya Soto, Luz Sánchez Ayasta, Rodorico Cieza Marín y Euber Sánchez Ramírez | T14: 1 | U14: 0 | V14: 4 | W14: 0 | X14: N° 2023-0010703 | Y14: POR REGULARIZAR
A15: 10 | B15: PER-BSIB130101-011 | C15: R.D. N° 040-2023 DIGDOT/MINSA | D15: 44972 | E15: 44984 | F15: 26935 | G15: II-1 | H15: GERESA LA LIBERTAD | I15: CLÍNICA SANTA ANA S.A.C.-CLÍNICA FÁTIMA | J15: VICTOR LARCO HERRERA | K15: TRUJILLO | L15: LA LIBERTAD | M15: AV. FÁTIMA 494 URB. CALIFORNIA | N15: PRIVADO | O15: GERENTE MARIA LUISA MAS MELENDEZ | P15: clinicafatima01@gmail.com | Q15: MÉDICO PATOÓLOGO CLÍNICO AMALIA CELINA CHAVEZ SILVA | R15: 976019199 | S15: T.M. JESSICA MARIBEL ORBEGOSO YPARRAGUIRRE T.M. ESTEFANIA ALAYO ROSALES T.M. MILAGROS LANDA PRECIADO | T15: 1 | U15: 0 | V15: 3 | W15: 0 | X15: N°2023-0014686 | Y15: HOSPITAL BELEN DE TRUJILLO | AA15: AREQUIPA | AB15: =COUNTIF($L$6:$L$601,AA15) -> 5
A16: 11 | B16: PER-BSIB220901-010 | C16: R.D. N° 041-2023 DIGDOT/MINSA | D16: 44972 | E16: 44984 | F16: 32615 | G16: II-E | H16: DIRESA SAN MARTIN | I16: CENTRO NEUROQUIRURGICO DE LA SELVA S.A.C.-CLINICA RODRIGUEZ | J16: TARAPOTO | K16: SAN MARTIN | L16: SAN MARTIN | M16: JR. Brasil N°262 | N16: PRIVADO | O16: MC. OSWALDO RODRIGUEZ MEDINA | P16: clinicarodriguez2020@hotmail.com | Q16: MÉDICO PATÓLOGO LUIS ALBERTO ABAD POZO | R16: 920 244 145 (Lic. Verónica)/ 945148273 (Patólogo James Añazgo) | S16: DR. James Añazgo Pinedo, TM. Marco Antonio Castillo Rojas, TM. Verónica Janeth López Vargas, TM Medina gallardo Marilyn | T16: 1 | U16: 0 | V16: 3 | W16: 0 | X16: N°2023-0017075 | Y16: BANCO DE SANGRE REGIONAL SAN MARTIN | AA16: DEPARTAMENTO | AB16: CANTIDAD
A17: 12 | B17: PER-BSIB130101-012 | C17: R.D. N° 056-2023 DIGDOT/MINSA | D17: 44987 | E17: 45002 | F17: 18404 | G17: II-2 | H17: GERESA LA LIBERTAD | I17: CLINICA SAN PABLO DE TRUJILLO- CLINICA LA MERCED SAC | J17: TRUJILLO | K17: TRUJILLO | L17: LA LIBERTAD | M17: AV.HUSARES DE JUNIN 690 LA MERCED | N17: PRIVADO | O17: JOSE LUIS CARRANZA CASTILLO | P17: jcarranza@sanpablo.com.pe | Q17: MEDICO PATOLOGO CLINICO CARLOS EDUARDO ESQUERRE AGUIRRE | R17: 938 339 507 | S17: LIC. TM EDWIN YULFO FONSECA ESPINOZA,LIC. TM SILVIA ELIZABETH LINO CAPRISTAN,BLG. JUANA ELIZABETH BELTRAN MORENO | T17: 1 | U17: 0 | V17: 2 | W17: 1 | X17: N° 2023-0011833, 2023-0015413 y 2023-0025830 | Y17: POR REGULARIZAR | AA17: CAJAMARCA | AB17: =COUNTIF($L$6:$L$601,AA17) -> 2
A18: 13 | B18: PER-BSIB120808-013 | C18: R.D. N° 052-2023 DIGDOT/MINSA | D18: 44985 | E18: 44999 | F18: 8653 | G18: II-1 | H18: DIRESA JUNIN | I18: HOSPITAL II ALBERTO HURTADO ABADIA | J18: SANTA ROSA DE SACCO | K18: YAULI | L18: JUNIN | M18: AVENIDA MIGUEL GRAU 1250 | N18: ESSALUD | O18: Aurelio Cordova Bravo | P18: pedro.yarascaga@essalud.gob.pe | Q18: MEDICO PATOLOGO CLINICO LINARES SULLCA MARIO | R18: 943933973 | S18: TM: Oscar Ticona Rivero, Yanqui Mamani Victoria Gladys, Cárdenas Arellano Rosa, Luis Navarro Mattos,Felix Guizado Mercado | T18: 1 | U18: 0 | V18: 5 | W18: 0 | X18: 2022-0083386, 2022-0101975, 2023-0005590, 2023-0017883 y 2023-0029793 | Y18: POR REGULARIZAR | AA18: CALLAO | AB18: =COUNTIF($L$6:$L$601,AA18) -> 3
A19: 14 | B19: PER-BSIB40103-014 | C19: R.D. N° 059-2023 DIGDOT/MINSA | D19: 44987 | E19: 45003 | F19: 15730 | G19: II-1 | H19: GERESA AREQUIPA | I19: HOGAR CLINICA SAN JUAN DE DIOS DE AREQUIPA | J19: CAYMA | K19: AREQUIPA | L19: AREQUIPA | M19: AV. EJERCITO N° 1020 | N19: PRIVADO | O19: CESAR AUGUSTO ARROYO GUTIERREZ | P19: clinicasjd.arequipa@sanjuandedios.pe / 955877185 | Q19: MED PATOLOGO CLINICO ROSARIO ELSA JESUS ZUÑIGA MANRIQUE | R19: 953759292 | S19: TM. Lesly Araujo Román, Ronald León Soto; Blgos: Flora Bobadilla Ingals, Diana Altamirano Parada,Guadalupe Luque Lázaro,Rossana Mansilla, Julio Ortega | T19: 1 | U19: 0 | V19: 2 | W19: 5 | X19: 2023-0016894, 2023-0026191, 2023-0025146 | Y19: POR REGULARIZAR | AA19: CUSCO | AB19: =COUNTIF($L$6:$L$601,AA19) -> 0
A20: 15 | B20: PER-BSIB150114-015 | C20: R.D. N° 062-2023 DIGDOT/MINSA | D20: 44992 | E20: 45003 | F20: 10135 | G20: II-1 | H20: DIRIS LIMA ESTE | I20: HOSPITAL I CARLOS ALCANTARA BUTTERFIELD | J20: LA MOLINA | K20: LIMA | L20: LIMA | M20: Av. Los Constructores 1201 - Urb. Covima | N20: ESSALUD | O20: ELIAS RODRIGUEZ SALAZAR | P20: elias.rodriguez@essalud.gob.pe | Q20: Médico Especialista En Patología Clínica Maria Graciela Neyra Mercado | R20: 994502563 | S20: TM Luisa Elizabeth Luisa Lozano Miguel, TM Elva Fatima Caballero Muñoz, TM Maria Arcelli Garcia Urbina , TM Pascuala Aurora Inga Peña, TM Eduardo Simon Paredes Lujan | T20: 1 | U20: 0 | V20: 5 | W20: 0 | X20: N°2023-0022499; N°2023-0023267; N°2023-0027091, N°2023-0034479; N°2023-0035690 y N°2023-0035735 | Y20: POR REGULARIZAR | AA20: HUANCAVELICA | AB20: =COUNTIF($L$6:$L$601,AA20) -> 0
A21: 16 | B21: PER-BSIA150121-071 | C21: R.D. N° 074-2023 DIGDOT/MINSA | D21: 45006 | E21: 45020 | F21: 8351 | G21: II-E | H21: DIRIS LIMA CENTRO | I21: CLINICAS SAN BERNARDO S.A. | J21: PUEBLO LIBRE | K21: LIMA | L21: LIMA | M21: CALLE SAN JOSE N° 161 | N21: PRIVADO | O21: MAURO MARCELO LIZARRAGA FERRAND | P21: mlizarraga@clinica-sanbernardo.com | Q21: DR. RAFAEL RODRIGUEZ BAYONA | R21: 981839312 | S21: Tecnólogo Médico: Christian Lengua Figueroa, Tecnóloga Médica: Mishell Verena Ñahuin Quispe | T21: 1 | U21: 1 | V21: 2 | W21: 0 | X21: 2023-0036348 | Y21: CLINICA SANTA LUCIA / CLINICA ANNGLOAMERICANA | AA21: HUANUCO | AB21: =COUNTIF($L$6:$L$601,AA21) -> 0
A22: 17 | B22: PER-BSIB150201-016 | C22: R.D. N° 075-2023 DIGDOT/MINSA | D22: 45012 | E22: 45019 | F22: 7635 | G22: II-2 | H22: DIRESA LIMA | I22: HOSPITAL BARRANCA CAJATAMBO SBS | J22: BARRANCA | K22: BARRANCA | L22: LIMA | M22: AV. Nicolas de Pierola N°210-221 | N22: MINSA | O22: Jack Marlon Jara Reyes | P22: direccion_ejecutiva@hospitalbarranca.gob.pe | Q22: MEDICO PATOLOGO CLINICO : ELSA ISELA SALOME TOLENTINO | R22: 9504429527 | S22: T.M: Flores Ardiles Victor Hernan, Edgar Hernesto Sanches Herrera, Luz angelica Moran de Los Santos, Cotrina Barzola, Paola Elizabeth, Kikuyo lay Iwana Amacifuen, Catherine solano Rios, Patricia Elizabeth Reyes Gallegos | T22: 1 | U22: 0 | V22: 7 | W22: 0 | X22: N° 2023-0015565, N°2023-00025959 y N°2023-0040188 | Y22: HOSPITAL DE HUACHO / INSTITUTO NACIONAL DE SALUD DEL NIÑO SAN BORJA | AA22: ICA | AB22: =COUNTIF($L$6:$L$601,AA22) -> 4
A23: 18 | B23: PER-BSIB150134-017 | C23: R.D. N° 093-2023 DIGDOT/MINSA | D23: 45035 | E23: 45042 | F23: 8786 | G23: II-1 | H23: DIRIS LIMA CENTRO | I23: CLINICA SAN JUAN DE DIOS - HOGAR CLINICA SAN JUAN DE DIOS | J23: SAN LUIS | K23: LIMA | L23: LIMA | M23: Av. Nicolas Arriola N°3250 | N23: PRIVADO | O23: FELIX ACUÑA ZAMORA | P23: felizcuña@ohsanjuandedios.org | Q23: MEDICO PATOLOGO:. Adrián Martin de Jesús Villaorduña Nahuis | R23: 983686579 | S23: Lic. T.M :Enibet Susan Salazar Mesa, Edith zandra Quispe Tecse, María Angélica Quinto Fernández, Juan Cosme Aquino Ramírez | T23: 1 | U23: 0 | V23: 4 | W23: 0 | X23: N°2023-0034808, N°2023-0051814 Y N°2023-0062016 | Y23: CONGREGACION HIJAS DE SAN CAMILO - CLINICA PADRE LUIS TEZZA | AA23: JUNIN | AB23: =COUNTIF($L$6:$L$601,AA23) -> 5
A24: 19 | B24: PER-BSIB150115-018 | C24: R.D. N° 110-2023 DIGDOT/MINSA | D24: 45056 | E24: 45058 | F24: 6212 | G24: III-E | H24: DIRIS LIMA CENTRO | I24: HOSPITAL DE EMERGENCIAS PEDIATRICAS | J24: LA VICTORIA | K24: LIMA | L24: LIMA | M24: AV. GRAU Nº 854 | N24: MINSA | O24: Tomy Villanueva Arequipeño | P24: tvillanueva@hep.gob.pe | Q24: Medico Patologo: Príncipe Laines Fortunato Martin | R24: 959682989 | S24: - Carhuamaca zarate pamela, TM.Orellano Hinojosa Luis, TM.Guzmán Garay Marco, TM.Rojas Herrera Friny, TM.Mendoza Álvarez José, TM.Vivas Hurtado Carlos., TM.Vasquez Aguirre Luz, TM.Bravo Cossio Fanny | T24: 2 | U24: 0 | V24: 8 | W24: 0 | X24: Expediente N° 2023-0033715, N° 2023-0051539 y 2023-0055599 | Y24: POR REGULARIZAR | AA24: JUNÍN | AB24: =COUNTIF($L$6:$L$601,AA24) -> 0
A25: 20 | B25: PER-BSIB140301-019 | C25: R.D. N° 126-2023 DIGDOT/MINSA | D25: 45104 | E25: 45114 | F25: 4370 | G25: II-1 | H25: GERESA LAMBAYEQUE | I25: HOSPITAL PROVINCIAL DOCENTE BELÉN - LAMBAYEQUE | J25: LAMBAYEQUE | K25: LAMBAYEQUE | L25: LAMBAYEQUE | M25: AV. RAMON CASTILLA N°597 | N25: MINSA | O25: JESUS ALFONSO YESQUEN ALBURQUERQUE | P25: HOSPITALBELEN.LAMBAYEQUE@GMAIL.COM | Q25: DR. LEONARDO ENRIQUE GARCIA MANOSALVA | R25: 979827155 | S25: DR.LEONARDO GARCIA MANOSALVA, TM. RICARDO GONZALES AYASTA, TM. BREMIDA BRAVO ASENJO, TM. EUCLIDES BACALLA VEGA, BLG. RAQUEL CASTAÑEDA MORENO, BLG. FIORELLA LOPEZ ESQUEN, TEC. TOMAS ACOSTA SUCLUPE | T25: 1 | U25: 0 | V25: 3 | W25: 2 | X25: EXPEDIENTE N° 2023-0085644 | Y25: POR REGULARIZAR | AA25: LA LIBERTAD | AB25: =COUNTIF($L$6:$L$601,AA25) -> 7
A26: 21 | B26: PER-BSIB21801-020 | C26: R.D. N° 130-2023 DIGDOT/MINSA | D26: 45105 | E26: 45118 | F26: 1652 | G26: II-2 | H26: DIRESA ANCASH | I26: HOSPITAL LA CALETA | J26: CHIMBOTE | K26: SANTA | L26: ANCASH | M26: AV. MALECON GRAU S/N | N26: MINSA | O26: FERNANDO ITURRIZAGA HERRERA | P26: mesadepartes.hlc@gmail.com | Q26: CESAR CÁCERES OTERO | R26: Cel: 970706940 Lic. Haydee | S26: Dr. Antonio José Espinoza Medina, Especialista en Patología y Laboratorio Clínico, Tecnólogo Médico: Haydee Margot Mendoza Ávila, Julio César Paredes Ramos, Silvia Albertina Vidal Carbajal, Luis Armando Hernandez Arteaga, Milagros Fatima La Jara Solano, Medaly Anais Vasquez Callan, Deysi Victoria Fernandez Castillo. | T26: 1 | U26: 0 | V26: 3 | W26: 0 | X26: Expedientes: N° 2023- 0106311, N°2023- 0119964, N° 2023- 0120818 y N° 2023- 0128833 | Y26: HOSPITAL ELEAZAR GUZMAN BARRON | AA26: LAMBAYEQUE | AB26: =COUNTIF($L$6:$L$601,AA26) -> 6
A27: 22 | B27: PER-BSIB40101-021 | C27: R.D. N° 138-2023 DIGDOT/MINSA | D27: 45133 | E27: 45145 | F27: 16744 (*) | G27: II-1 | H27: GERESA AREQUIPA | I27: CLINICAS AUNA SEDE VALLE SUR - RS: CLINICA VALLE SUR S.A | J27: AREQUIPA | K27: AREQUIPA | L27: AREQUIPA | M27: AV LA SALLE N°116 | N27: PRIVADO | O27: EDGAR EDUARDO RUIVERA DIAZ | P27: erivera@auna.pe , ,huanqui@auna.pe | Q27: DR.JUAN JOSE DIAZ ROSSEL | R27: 987059322 | S27: TM. Claudia Molleda Huerta , Juan Alberto Ccallta Arizaca, Gabriela sofia Manrique Almenara | T27: 1 | U27: 0 | V27: 3 | W27: 0 | X27: Expedientes : N°2023-0114665 , 2023-0126060 y 2023-0143911 | Y27: POR REGULARIZAR | AA27: LIMA | AB27: =COUNTIF($L$6:$L$601,AA27) -> 33
A28: 23 | B28: PER-BSIB30101-022 | C28: R.D. N° 142-2023 DIGDOT/MINSA | D28: 45146 | E28: 45152 | F28: 11213 | G28: II-2 | H28: DIRESA APURIMAC | I28: IPRESS denominada Seguro Social de Salud - ESSALUD - Hospital II Abancay | J28: ABANCAY | K28: ABANCAY | L28: APURIMAC | M28: Lote 61 Quinta Cayetana Patibamba | N28: ESSALUD | O28: JORGE PONCE JUAREZ | P28: jorge.ponce@essalud.gob.pe | Q28: DRA. KATYA ROZZANA RODRIGUEZ BERRIO | R28: 999 494 921 | S28: LIC. PAUL JUSTO CONDORI PEREZ, TM EDINSON BORDA VILLCAS, TM ZAIDA LISSETH HANCCO SOTO, TM CRISTOBAL GUTIERREZ RAMIREZ, TM EDGAR DE LA CRUZ MENDOZA, TM VICTORIA ASTOCAZA ROSALES, | T28: 1 | U28: 0 | V28: 6 | W28: 0 | X28: N° 2023-0130263 Y N°2023-0140466 | Y28: POR REGULARIZAR | AA28: LORETO | AB28: =COUNTIF($L$6:$L$601,AA28) -> 0
A29: 24 | B29: PER-BSIB150118-023 | C29: R.D. N° 144-2023 DIGDOT/MINSA | D29: 45155 | E29: 45159 | F29: 5947 | G29: II-2 | H29: DIRIS LIMA ESTE | I29: HOSPITAL DE MEDIANA COMPLEJIDAD JOSE AGURTO TELLO | J29: LURIGANCHO-CHOSICA | K29: LIMA | L29: LIMA | M29: JIRÓN JR. AREQUIPA 214 - 218 | N29: MINSA | O29: Ciro Liberato Ramon | P29: LIBERO24919@GMAIL.COM | Q29: PEDRO LUIS KOC CASTAÑEDA | R29: 969359891 | S29: LIC. TM. Andrea Yanina Condor, LIC. T.M. Fernando Zosimo Navarro Atiz, LIC. T.M. Lisseth Robles Ramos, LIC. T.M. Diana Irma Herrera Crispín , LIC. T.M. Juana Ortiz Talaverano, LIC. T.M. Máximo Llantoy Calle, LIC. T.M. Leopoldo Frank roque Morales, LIC. T.M. Mlasquez Quispe Diorella Yuly, Lic. T.M. Mery Luz Sanchez Candiotti, LIC. T.M. Willmer Galvez Huaman | T29: 1 | U29: 0 | V29: 10 | W29: 0 | X29: N°2023-0129159,N°2023-0142019, N°2023-0149364, N°2023-0152231, N°; Mediante exp N° 2024-0193107 de fecha 15/08/2024 Envian oficio informando que el Banco de Sangre fue reubicado dentro de la IPRESS, actualización de recurso humano del Banco de Sangre 2023-0162959 | Y29: POR REGULARIZAR | AA29: PIURA | AB29: =COUNTIF($L$6:$L$601,AA29) -> 5
A30: 25 | B30: PER-BSIB200101-024 | C30: R.D. N° 146-2023 DIGDOT/MINSA | D30: 45159 | E30: 45162 | F30: 25208 | G30: II-1 | H30: DIRESA PIURA | I30: IPRESS Grupo Carita Feliz S.A. | J30: PIURA | K30: PIURA | L30: PIURA | M30: Calle Huancavelica N°1039, Urb. 4 de enero | N30: PRIVADO | O30: RICARDO OLEA ZAPATA | P30: ricardo.olea@clinicacaritafeliz.com | Q30: JOEL ANCAJIMA MORE | R30: 979 374 361 | S30: TM HARLINSON PACHERRE SEMINARIO, TM NOE OLAYA NIÑO, TM YESENIA VALENCIA VALVERDE, TM JUNIOR CARMEN HERNANDEZ, TM ERNESTO CALDERON CARLOS, | T30: 1 | U30: 0 | V30: 5 | W30: 0 | X30: 2023-0144155 | Y30: POR REGULARIZAR | AA30: SAN MARTIN | AB30: =COUNTIF($L$6:$L$601,AA30) -> 6
A31: 26 | B31: PER-BSIB130101-025 | C31: R.D. N° 159-2023 DIGDOT/MINSA | D31: 45166 | E31: 45173 | F31: 16830 | G31: II-E | H31: GERESA LA LIBERTAD | I31: RS: GPS TRUJILLO SAC Y NC: CLINICA CAMINO REAL | J31: TRUJILLO | K31: TRUJILLO | L31: LA LIBERTAD | M31: Calle Francisco Bolognesi N° 561-Trujillo | N31: PRIVADO | O31: SUSANA DEL CARMEN ALARCON FERNANDEZ, | P31: salarconf@auna.pe | Q31: PATOLOGO CLINICO KAREN YANET CASTILLO MINAYA | R31: f | S31: - TM.GERALDINE HASTRID MONDRAGON GIL, TM. ANDERSON JESUS VIGO SALINAS, TM. KARLA GABRIELA FERNANDEZ SAAVEDRA | T31: 1 | U31: 0 | V31: 2 | W31: 2 | X31: N°2023-0148745, N°2023-0139194, N°2023-0164806 | Y31: HOSPITAL BELEN | AA31: TACNA | AB31: =COUNTIF($L$6:$L$601,AA31) -> 0
A32: 27 | B32: PER-BSIB60601-026 | C32: R.D. N° 154-2023 DIGDOT/MINSA | D32: 45166 | E32: 45173 | F32: 4981 | G32: II-1 | H32: DIRESA CAJAMARCA | I32: Hospital Santa María de Cutervo de Cajamarca | J32: CUTERVO | K32: CUTERVO | L32: CAJAMARCA | M32: Jr. Inca s/n | N32: MINSA | O32: ROSA DELGADO TORO | P32: oitesrscutervo@gmail.com | Q32: M.C. Victoria Vargas Vasquez | S32: Tecnólogos Médicos: Cristhy Carranza, Juan Collantes, Yamelly Coronel, Idelsa Flores. Bióloga Natali Zambrano | T32: 0 | U32: 1 | V32: 4 | W32: 1 | X32: N° 2023-0150368, 2023-0160492 | Y32: POR REGULARIZAR | AA32: UCAYALI | AB32: =COUNTIF($L$6:$L$601,AA32) -> 0
A33: 28 | B33: PER-BSIB150137-027 | C33: R.D. N° 163-2023 DIGDOT/MINSA | D33: 45184 | E33: 45201 | F33: 10434 | G33: II-E | H33: DIRIS LIMA ESTE | I33: HOSPITAL IIE SAN ISIDRO LABRADOR | J33: SANTA ANITA | K33: LIMA | L33: LIMA | M33: AVENIDA CARRETERA CENTRAL 1345 KM3,5 | N33: ESSALUD | O33: HECTOR BERASTAIN MERINO | P33: hector.berastain@essalud.gob.pe | Q33: Dra. SHIRLEY KAREM MORALES GUTIERREZ | S33: TM.SANTOS VARAS LENIN POLIVIO, TM.PERCY CRUZ ROSALES, TM.VICTOR HUGO LLAJA VERGARAY, TM.JAIME FELIX COCA NUÑEZ , TM.WILMER CRISENCIO GERI PAREDES | T33: 1 | U33: 0 | V33: 6 | W33: 0 | X33: N° 2023-0161980, 2023-0163842 y 2023-0172023 | Y33: POR REGULARIZAR | AA33: MOQUEGUA | AB33: =COUNTIF($L$6:$L$601,AA33) -> 0
A34: 29 | B34: PER-BSIB150103-028 | C34: R.D. N° 158-2023 DIGDOT/MINSA | D34: 45166 | E34: 45173 | F34: 8353 | G34: II-1 | H34: DIRIS LIMA ESTE | I34: HOSPITAL II VITARTE - ESSALUD | J34: ATE | K34: LIMA | L34: LIMA | M34: JR. SAN MARTIN DE PORRES N°265 | N34: ESSALUD | O34: JEAN LOUIS FRANCIA VELASQUEZ | P34: jean.francia@essalud.gob.pe | Q34: MEDICO PATOLOGO CLINICO IOHANA NAZARITA VERA NUÑEZ | S34: TM. SIMON EUGENIO ARHUATA CASAVILCA, TM JAIME ELIAS FLORENCIO FRETEL , TM HERMELINDA ROSA MONROY QUISPE, TM LUIS MIGUEL ZAMORA GONZALES | T34: 1 | U34: 0 | V34: 4 | W34: 0 | X34: N°2023-0171248, 2023-0174604 | Y34: POR REGULARIZAR | AA34: ANCASH | AB34: =COUNTIF($L$6:$L$601,AA34) -> 3
A35: 30 | B35: PER-BSIB120101-029 | C35: R.D. N° 165-2023 DIGDOT/MINSA | D35: 45184 | E35: 45201 | F35: 8858 | G35: II-2 | H35: DIRESA JUNIN | I35: RS: CLINICA ORTEGA SRL, NC: CLINICA ORTEGA | J35: HUANCAYO | K35: HUANCAYO | L35: JUNIN | M35: Avenida Daniel Alcides Carrión 1124 | N35: PRIVADO | O35: FELIX RAFAEL ORTEGA ALVAREZ | P35: gerencia.co@clinicaortega.pe, asistente.gerencia.dm@clinicaortega.pe | Q35: MEDICO PATOLOGO CLINICO CASTRO GERMANA LORENZO JOSE | R35: 964609360 | S35: TM.CONTRERAS ROMERO MONICA, VELIZ POMA MILAGRITOS, TELLO ENRIQUEZ TONY , PUMA PILCO , MARCOS COTERA SHYRLEY | T35: 1 | U35: 0 | V35: 5 | W35: 0 | X35: 2023-0153826, 2023-0166250, 2023-0182620 y 2023-0187216 | Y35: POR REGULARIZAR | AA35: AMAZONAS | AB35: =COUNTIF($L$6:$L$601,AA35) -> 0
A36: 31 | B36: PER-BSIB40126-030 | C36: R.D. N° 182-2023 DIGDOT/MINSA | D36: 45209 | E36: 45219 | F36: 13291 | G36: II-1 | H36: GERESA AREQUIPA | I36: HOSPITAL III YANAHUARA | J36: YANAHUARA | K36: AREQUIPA | L36: AREQUIPA | M36: Av. Zamacola S/N | N36: ESSALUD | O36: CARLOS CUYA MAMANI | P36: carlos.cuya@essalud.gob.pe | Q36: MARIA ALEJANDRA ALFARO MESTAS | R36: 992584622 | X36: N° 2023-0148320, N° 2023-0162412 | Y36: POR REGULARIZAR | AA36: TUMBES | AB36: =COUNTIF($L$6:$L$601,AA36) -> 1
A37: 32 | B37: PER-BSIB120401-031 | C37: R.D. N° 181-2023 DIGDOT/MINSA | D37: 45209 | E37: 45212 | F37: 365 | G37: II-1 | H37: DIRESA JUNIN | I37: Hospital Domingo Olavegoya, RS: Red de Salud Jauja | J37: JAUJA | K37: JAUJA | L37: JUNIN | M37: Jr. San Martin N°1153 Urb. Olavegoya | N37: MINSA | O37: MAGDIEL SALLY HUATUCO HUAMAN | P37: utesjauja@gmail.com | Q37: PATOLOGO MEDICO ZAPATA CALDERON ANA ROSARIO | R37: 9546655466 | S37: TM QUINTE GOMEZ ROSSY ROSITA CTMP13997, TM SOLIS CAMARENA LINDA ROSABEL CTMP12368, TM APACLLA NUÑEZ PATRICIA YOMAYRA CTMP12252 | T37: 1 | U37: 0 | V37: 3 | W37: 0 | X37: N°2023-0157758, N°2023-0170531, N°2023-0172509, N°2023-0173361, N°2023-0190344 | Y37: POR REGULARIZAR | AA37: PUNO | AB37: =COUNTIF($L$6:$L$601,AA37) -> 0
A38: 33 | B38: PER-BSIB120114-032 | C38: R.D. N° 186-2023 DIGDOT/MINSA | D38: 45219 | E38: 45224 | F38: 8024 | G38: II-1 | H38: DIRESA JUNIN | I38: CLINICA CAYETANO HEREDIA, RS: CLINICA CAYETANO HEREDIA S.A. | J38: EL TAMBO | K38: HUANCAYO | L38: JUNIN | M38: Avenida Huancavelica N°745 | N38: PRIVADO | O38: MARILUZ REGINA ALANIA FLORES (GG) | P38: laboratorio@clinicacayetanoheredia.com, deliss_14@hotmail.com | Q38: MEDICO PATOLOGO CLINICO ROLANDO TORRES ORUNA | R38: 947417007 | S38: TM FREDDY LEONEL CHAVEZ ALANIA, TM DANNA DELISA TERRAZOS ROMERO, TM KATHARINE MENDOZA AGUIRRE, TM JULIO PACHECO Y TM GIAN PIER MENDOZA SARAVIA | T38: 1 | U38: 0 | V38: 5 | W38: 0 | X38: N°2023-0164212, N°2023-0210993 | Y38: POR REGULARIZAR | AA38: MADRE DE DIOS | AB38: =COUNTIF($L$6:$L$601,AA38) -> 0
A39: 34 | B39: PER-BSIB130101-033 | C39: R.D. N° 192-2023 DIGDOT/MINSA | D39: 45219 | E39: 45224 | F39: 13373 | G39: II-1 | H39: GERESA LA LIBERTAD | I39: CLINICA PERUANO AMERICANA S.A. | J39: TRUJILLO | K39: TRUJILLO | L39: LA LIBERTAD | M39: Av. Mansiche N°810 | N39: PRIVADO | O39: JUAN MIGUEL DEXTRE AGREDA | P39: administración@clipam.com.pe | Q39: MEDICO PATOLOGO CATHERINE SAENZ PAREDES | R39: 961 000 913 | S39: Dra. Catherine Saenz Paredes, Blgo. Carlos Castillo Leon, TM. Eduardo Guerra Pachamango, Blgo. Carlos Rebaza Esquen, TM Veronica Agurto Zapata | T39: 1 | U39: 0 | V39: 2 | W39: 2 | X39: N° 2023-0200995 y 2023-0213878 | Y39: POR REGULARIZAR | AA39: APURIMAC | AB39: =COUNTIF($L$6:$L$601,AA39) -> 1
A40: 35 | B40: PER-BSIB140101-034 | C40: R.D. N° 199-2023 DIGDOT/MINSA | D40: 45232 | E40: 45236 | F40: 8151 | G40: II-E | H40: GERESA LAMBAYEQUE | I40: RS: HOSPITAL METROPOLITANO S.A, NC: CLINICA METROPOLITANA | J40: CHICLAYO | K40: CHICLAYO | L40: LAMBAYEQUE | M40: CALLE MANUEL MARIA IZAGA N°154 | N40: PRIVADO | O40: FERMIN FRANCISCO FALEN ESCAJADILLO | P40: dadministrativa@metrosac.com | Q40: MEDICO PATOLOGO JORGE LUIS GARCIA CARASSAS | R40: 957443724 DR. JAIME CARO GERENTE | S40: Lic.Luina Sánchez Contreras, Lic. María Rivas Castillo, Lic. Catherine Cantos Puicon,Lic. Liz Balcázar Chumacero | T40: 1 | U40: 0 | V40: 4 | W40: 0 | X40: N°2023-0171638 , N°2023-0218244 | Y40: POR REGULARIZAR | AA40: AYACUCHO | AB40: =COUNTIF($L$6:$L$601,AA40) -> 0
A41: 36 | B41: PER-BSIB150136-035 | C41: R.D. N° 203-2023 DIGDOT/MINSA | D41: 45244 | E41: 45250 | F41: 11401 | G41: II-2 | H41: DIRIS LIMA CENTRO | I41: RS: CENTRO MÉDICO CLÍNICA SAN JUDAS TADEO S.A.; NC: CLÍNICA SAN JUDAS TADEO | J41: SAN MIGUEL | K41: LIMA | L41: LIMA | M41: Calle Manuel Raygada N°170- Calle Laureano Martinez N° 140 | N41: PRIVADO | O41: Ricardo FIORANI RONDAN | Q41: MC PATOLOGO CLÍNICO CUBAS BANCES ZAHNDER - ACTUALIZADO 24/04/2024, SEGÚN CMSJT-0014-2024-DM CON EXP: 2024-0085036 | R41: 999074405 | T41: 1 | V41: 4 | X41: N° 2023-0192163, N° 2023-0200751, N° 2023-0205006, N° 2023-0220655, N° 2023-0223215, N° 2023-0224543 | Y41: POR REGULARIZAR | AA41: PASCO | AB41: =COUNTIF($L$6:$L$601,AA41) -> 0
A42: 37 | B42: PER-BSIB140106-036 | C42: R.D. N° 198-2023 DIGDOT/MINSA | D42: 45232 | E42: 45236 | F42: 10972 | G42: II-E | H42: GERESA LAMBAYEQUE | I42: Hospital Privado Juan Pablo II SAC | J42: LA VICTORIA | K42: CHICLAYO | L42: LAMBAYEQUE | M42: Av. Miguel Grau N°1461 | N42: PRIVADO | O42: MOISES ALEJANDRO ROSARIO BORREGO | P42: gerencia@hospitaljuanpablo.com | Q42: MC PATOLOGO JOSE LUIS GARCIA CARASAS | S42: Lic Morales Nuñez Olga y María Pisfil Chavez, Biologa Castañeda Moreno Isabel | T42: 1 | U42: 0 | V42: 2 | W42: 1 | X42: N° 2023-0180065 | Y42: POR REGULARIZAR | AB42: =SUM(AB15:AB41) -> 81
A43: 38 | B43: PER-BSIB150133-037 | C43: R.D. N° 204-2023 DIGDOT/MINSA | D43: 45257 | E43: 45265 | F43: 18985 | G43: II-2 | H43: DIRIS LIMA SUR | I43: R.S:CLINICA SANTA MARTHA DEL SUR SOCIEDAD ANONIMA CERRADA; NC:CLINICA SANTA MARTHA DE SUR | J43: SAN JUAN DE MIRAFLORES | K43: LIMA | M43: AV BELISARIO SUAREX N°998 | N43: PRIVADO | O43: ENNID SARITA CHIOK RIVADENEYRA | P43: echiok@sanpablo.com.pe | Q43: MEDICO PATOLOGO : TATIANA SARAVIA ROMANI | R43: 937677826 | S43: Lic. Aviles Balarezo Yessenia; Lic.lopez Morillo yrbelis; Nuñez Lazo Luis Alberto; Fihueras Quijada Laura | T43: 1 | U43: 0 | V43: 4 | W43: 0 | X43: N° 2023-0188926, 2023-0205681, 2023-0226343 | Y43: POR REGULARIZAR
A44: 39 | B44: PER-BSIB140101-038 | C44: R.D. N° 208-2023 DIGDOT/MINSA | D44: 45257 | E44: 45265 | F44: 8750 | G44: II-E | H44: GERESA LAMBAYEQUE | I44: RAZON SOCIAL Y NOMBRE COMERCIAL: CLÍNICA DEL PACÍFICO S.A. | J44: CHICLAYO | K44: CHICLAYO | L44: LAMBAYEQUE | M44: Avenida José Leonardo Ortiz N°420 | N44: PRIVADO | O44: GEANNINA LIU IBAÑEZ | P44: gerencia@clipac.pe | Q44: MÉDICO PATÓLOGO CLÍNICO MC. Tony Farias RodrigueZ | S44: TM GONZALES MIJA DARIO MOISES, MC. Tony Farias Rodrigue, TM. Yefry Silva, TM. Gabriela Ucilofen, TM. Dario Gonzales ,TM. Carolina MuñozTM. Judith Montalvo | T44: 1 | U44: 0 | V44: 5 | W44: 0 | X44: Expedientes N° 2023-0193100, N° 2023-0206898, N° 2023-0213789 | Y44: HOSPITAL REIGONAL DE LAMBAYEQUE
A45: 40 | B45: PER-BSIB150137-039 | C45: R.D. N° 211-2023 DIGDOT/MINSA | D45: 45266 | E45: 45278 | F45: 8318 | G45: II-1 | H45: DIRIS LIMA ESTE | I45: ESSALUD- HOSPITAL I JORGE VOTO BERNALES CORPANCHO | J45: SANTA ANITA | K45: LIMA | L45: LIMA | M45: AVENIDA CARRETERA CENTRAL 1351 - KM 3.5 | N45: ESSALUD | O45: DEMETRIO ANTONIO VERA MENDEZ | P45: demetrio.vera@essalud.gob.pe | Q45: MEDICO PATOLOGO: RICARDO IVAN BRCAMONTE AOKI | S45: TM: GARCIA RODRIGUEZ CANDY, ANYAIPOMA UNOCC ERIKA, QUIÑONES DAVALOS HEIDY, BERROVAL GONZALES JIMMY, ONCEBAY APOLINARIO LIZBETTTH, FRANCIA NUÑEZ WILMA, LUCERO BARRIENTOS MANUEL, AGUIRRE QUINTO MARIA | T45: 1 | U45: 0 | V45: 7 | W45: 0 | X45: EXPEDIENTES N° 2023-0227713, N° 2023-0244204 | Y45: POR REGULARIZAR
A46: 41 | B46: PER-BSIB150132-040 | C46: R.D. N° 209-2023 DIGDOT/MINSA | D46: 45257 | E46: 45275 | F46: 8271 | G46: II-2 | H46: DIRIS LIMA CENTRO | I46: RS: CLINICA NUEVO SAN JUAN SAC, NC: CLINICA SAN JUAN BAUTISTA | J46: SAN JUAN DE LURIGANCHO | K46: LIMA | L46: LIMA | M46: AV PROCERES DE LA INDEPENDENCIA N°176MzG.Lt.09,10,11,20 y 21 URB. FLORES 78 | N46: PRIVADO | O46: ANNA DIACTCHENKO | P46: adiatchenko@sanpablo.com.pe | Q46: MEDICO PATOLOGO CLINICO KATIA ZUÑIGA GOMEZ | R46: 998 812 430 | S46: Lic. Arrieta Calderón Cesia, Lic.Ccallo Ccana Héctor, Lic. Quispe Bazán July, Lic. Oviedo Zegarra Miguel, Lic. Salazar Quispe Katherine | T46: 1 | U46: 0 | V46: 5 | W46: 0 | X46: N° 2023-0191451, N° 2023-0210011 y N° 2023-0231540 | Y46: Con Exp. 2024-0270443, la IPRESS comunica la designación del nuevo jefe de BS Thommy D'Janggo Cruz
A47: 42 | B47: PER-BSIB220101-041 | C47: R.D. N° 205-2023 DIGDOT/MINSA | D47: 45257 | E47: 45272 | F47: 15598 | H47: DIRESA SAN MARTIN | I47: HOSPITAL I ALTO MAYO – ESSALUD | J47: MOYOBAMBA | K47: MOYOBAMBA | L47: SAN MARTIN | M47: Jirón 20 de Abril N° 347 | N47: ESSALUD | O47: M.C. JOSE LUIS RUIZ CARDENAS | P47: jose.ruiz@essalud.gob.pe | Q47: M.C. SILVIA CLARA CHAVEZ ESCOBAR | R47: 945133898 | S47: Medico Patologo Julio Edmundo Alcántara Rengifo, T.M. Adith CABANILLAS QUIROZ, T.M. Eder Yelsin TICLAHUANCA RAMOS, T.M. Rafael Antonio PALMA VALDERRAMA, T.M. Jhon Patrick DAVILA RIOS, T.M. Milagros del Rocío PAICO SANTOS, T.M. Javier Antonio MAZA TUESTA, T.M. Poll Alejandro PACO GUEVARA, T.M. Patricia del Pilar DOMINGUEZ RONDON | T47: 1 | U47: 1 | V47: 8 | W47: 0 | X47: N° 2023-0214631 y N° 2023-0228895 | Y47: POR REGULARIZAR
A48: 43 | B48: PER-BSIB220801-042 | C48: R.D. N° 218-2023 DIGDOT/MINSA | D48: 45281 | E48: 45290 | F48: 6732 | G48: II-1 | H48: DIRESA SAN MARTIN | I48: HOSPITAL DE RIOJA | J48: RIOJA | K48: RIOJA | L48: SAN MARTIN | M48: Jr. Venecia S/N | N48: MINSA | O48: Carlos CHAVEZ VASQUEZ | P48: hr@hospitalrioja.gob.pe | R48: 900283307 | S48: TM Margarita Mowerg, TM Eliana Fernandez, TM Frank Cruz, TM Roger Silva, TM Eder Ticlahuanca, TM Luis Lizana | T48: 1 | U48: 0 | V48: 6 | W48: 0 | X48: Nº 2023-0238044, 2023-0250997 | Y48: POR REGULARIZAR
A49: 44 | B49: PER-BSIB150136-043 | C49: R.D. N° 031-2024 DIGDOT/ MINSA | D49: 45432 | E49: 45434 | F49: 14501 | G49: II-2 | H49: DIRIS LIMA CENTRO | I49: RAZON SOCIAL: CLÍNICA SAN GABRIEL S.A.C. Y NOMBRE COMERCIAL CLINICA SAN GABRIEL | J49: SAN MIGUEL | K49: LIMA | L49: LIMA | M49: AV. LA MARINA N°2945 - 2949 - 2955 - 2965 | N49: PRIVADO | O49: EMMA YLDELISA CASTAÑEDA SANCHEZ DE HURTADO | P49: ecastañeda@sanpablo.com.pe | Q49: MEDICO PATOLGOO CLINICO JUDITH MUNIVE DIONISIO | S49: TM. Maria Villa Villa,TM Anastasis Esteba Salazar, TM Meyber Leon Sanchez, TM Nazareth Bolivar Carrillo, TM Miriam Barrial Vega | T49: 1 | U49: 0 | V49: 5 | W49: 0 | X49: N° 2024-0081729,N°2024-0104417, N°2024-0108796. | Y49: POR REGULARIZAR
A50: 45 | B50: PER-BSIB220901-044 | C50: R.D. N° 032-2024 DIGDOT/ MINSA | D50: 45440 | E50: 45448 | F50: 27733 | G50: II-1 | H50: DIRESA SAN MARTIN | I50: HOSPITAL II TARAPOTO - ESSALUD (SUSP TEMP) | J50: TARAPOTO | K50: SAN MARTIN | L50: SAN MARTIN | M50: JR. PROGRESO CUADRA 8 URB 9 DE ABRIL | N50: ESSALUD | O50: M.C. ROBERTO JUAN MORALES MINCHAN | P50: denisreyes16@gmail.com | Q50: M.C DENIS REYES REYNALDO | R50: 943764563 | S50: Lic. T.M. Carmen Jara, Lic. T. M. Clever Diaz, Lic. T.M. Alberto Cobeñas .V, Lic.T.M. Luisa Rodríguez Palomino, Lic.T.M.Katykza García Yovera, Rosana Torres Fernandez, Rony Rios Macedo | T50: 1 | U50: 0 | V50: 7 | W50: 0 | X50: N° 2024- 0059845, N° 2024-0088809 y N° 0111486 | Y50: POR REGULARIZAR
A51: 46 | B51: PER-BSIB20105-045 | C51: R.D. N° 037-2024 DIGDOT/ MINSA | D51: 45448 | E51: 45454 | F51: 12671 | G51: II-1 | H51: DIRESA ANCASH | I51: CLINICA SAN PABLO SEDE HUARAZ | J51: indePENDENCIA | K51: HUARAZ | L51: ANCASH | M51: Jr. Huaylas N° 172 | N51: PRIVADO | O51: M.C. Ivan HUETE LOYOLA | P51: srosado@sanpablo.com.pe | Q51: Medico patologo Leonor Margarita Panduro Lombardi | R51: 985637995 | S51: T.M. Marilyn Elisa Anacleto Villegas., T.M. Cesar Eduardo Rojas Narváez., T.M. Roxana Pilar Manuela Villacaqui Reyna. | T51: 1 | U51: 0 | V51: 3 | W51: 0 | X51: N° 2024- 0089760, N° 2024- 0107914 y N°2024- 0110423 | Y51: POR REGULARIZAR
A52: 47 | B52: PER-BSIB20105-046 | C52: R.D. N° 038-2024 DIGDOT/ MINSA | D52: 45463 | E52: 45468 | F52: 9053 | G52: II-2 | H52: DIRESA ANCASH | I52: “HOSPITAL II HUARAZ” - RS: SEGURO SOCIAL DE SALUD | J52: INDEPENDENCIA | K52: HUARAZ | L52: ANCASH | M52: Av. Independencia N° 2161 Barrio Vichay | N52: ESSALUD | O52: M.C. Williams Paul DOMINGUEZ HARO | P52: williams.dominguez@essalud.gob.pe | Q52: M.C. Victor Andreé Llacas Domínguez | R52: 953989457 | S52: T.M. Vanessa Lecca Mosquera., T.M. Ruth Maribel Llenque Gonzales, T.M. Jason Hansen Mejía Morales., T.M. Roger Ivan Rojas Lescano | T52: 0 | U52: 1 | V52: 4 | W52: 0 | X52: N° 2024- 0093633, N° 2024- 0111822 y N° 2024- 0136529 | Y52: POR REGULARIZAR
A53: 48 | B53: PER-BSIB200101-047 | C53: R.D. N° 050-2024 DIGDOT/ MINSA | D53: 45525 | E53: 45530 | F53: 18310 | G53: II-1 | H53: DIRESA PIURA | I53: SANNA - CLINICA BELEN | J53: PIURA | K53: PIURA | L53: PIURA | M53: Calle San Cristobal N°267 Urb El Chipe | N53: PRIVADO | O53: Oscar Ricardo Garavito Criollo | P53: oscar.garavito@sanna.pe | Q53: MEDICO PATOLOGA : Kely Velásquez Torres | R53: 969747284 | S53: TM.Miguel Ruiz,TM SAMMY LANDAURO,T.M ROBERTO ROJAS,T.M.HERLY DE LA CRUZ,T.M.REBECA CASTAÑEDA,TM ROSITA ALBAN | T53: 1 | U53: 0 | V53: 6 | W53: 0 | X53: N°2024-0128342, N°2024-0137000, N°2024-0175674, N°2024-0176932 | Y53: POR REGULARIZAR
A54: 49 | B54: PER-BSIB150125-048 | C54: R.D. N° 055-2024 DIGDOT/ MINSA | D54: 45538 | E54: 45541 | F54: 7632 | G54: II-2 | H54: DIRIS LIMA NORTE | I54: HOSPITAL CARLOS LANFRANCO LA HOZ | J54: PUENTE PIEDRA | K54: LIMA | L54: LIMA | M54: Av. Saenz Peña S/N, Cdra. 6 | N54: MINSA | O54: De La Cruz Lopez Willy Gabriel | P54: wdelacruz@hcllh.gob.pe' | Q54: M.C. Patologo Clinico Nelson Miguel Rodríguez Gueorguiev | R54: 990640043 | S54: T.M. Malena Dany Rosales Ventura, T.M. Erika Melissa Linares Guardamino., M. Teresa Paola Napan Villarreal, T.M. Sharon Yelena Estrada Perez., M. Esthefany Milagros Motta Arévalo., TM. Eloísa Maribel Silva Aquiño. | T54: 1 | U54: 0 | V54: 6 | W54: 0 | X54: N° 2024- 0174656 y N° 2024- 0197297 | Y54: HOSPITAL NACIONAL DOCENTE MADRE NIÑO SAN BARTOLOME HOSPITAL CAYETANO HEREDIA
A55: 50 | B55: PER-BSIB150142-049 | C55: R.D. N° 065-2024 DIGDOT/ MINSA | D55: 45554 | E55: 45554 | F55: 8741 | G55: II-1 | H55: DIRIS LIMA SUR | I55: HOSPITAL ULDARICO ROCCA FERNANDEZ - RS: SEGURO SOCIAL DE SALUD | J55: VILLA EL SALVADOR | K55: LIMA | L55: LIMA | M55: AV. SEPARADORA INDUSTRIAL Y AV. CESAR VALLEJO | O55: M.C. MADELAINE ANA MEDINA ROJAS | P55: madeleine.medina@essalud.gob.pe | Q55: MC PATOLOGO CLINICO BERNARDO DURAN MUÑIZ | R55: 972807385 | S55: MC. JAVIER ASCA PIZARRO, TM LOURDES KAPA CARHUAMACA, TM CARMEN MERCEDES HUAMANI HUANCAHUARE, TM VICTOR MANUEL MENDOZA VEGA, TM ORLANDO GALINDO COILA, TM ENYBET SALAZAR MEZA, TM LUIS VALENCIA GUINEA, TM REMBERTO APAGUEÑO CHISTAMA, TM KARIN CHAMBI RUGEL, TM HELI CORONADOS DARIS, TM TANIA DIAZ QUISPE, TM CHRISTIAN FERREYRA HURTADO | T55: 2 | U55: 0 | V55: 11 | W55: 0 | X55: N° 2024-0191382/ N° 2024-0181175 | Y55: HOSPITAL NACIONAL EDGARDO REBAGLIATI MARTINS
A56: 51 | B56: PER-BSIB40104-050 | C56: R.D. N° 069-2024 DIGDOT/ MINSA | D56: 45558 | E56: 45560 | F56: 27214 | G56: II-2 | H56: GERESA AREQUIPA | I56: CLINICA SAN PABLO AREQUIPA RS: CLINICA CERRO COLORADO S.A.C. | J56: CERRO COLORADO | K56: AREQUIPA | L56: AREQUIPA | M56: URBANIZACION TERESA DE JESUS MZ K LOTE 9 | N56: PRIVADO | O56: M.C. JOSE ANTONIO LINARES TEJEDA | P56: cchavez@qualab.com.pe | Q56: M.C PATOLOGO CESAR IVAN CHAVEZ LOPEZ | R56: 959390427 | S56: TM. LUZ ARACELY GALINDO RODRIGUEZ, TM.SHIRLEY ARACELY SEGOVIA MENDOZA,TM. GIANCARLO PIERRE DEL CARPIO BEJARANO, TM.FRIDA OLINDA ROJAS HUAYTA, TM. KATHERINE ERICKA QUISPE YUCRA | T56: 1 | U56: 0 | V56: 5 | W56: 0 | X56: N° 2024-0180207 y 2024-0208316 | Y56: POR REGULARIZAR
A57: 52 | B57: PER-BSIB150101-051 | C57: R.D. N° 063-2024 DIGDOT/ MINSA | D57: 45552 | E57: 45554 | F57: 9188 | G57: II-1 | H57: DIRIS LIMA CENTRO | I57: HOSPITAL II RAMON CASTILLA | J57: CERCADO DE LIMA | K57: LIMA | L57: LIMA | M57: Jr. Guillermo Dansey N°390 | N57: ESSALUD | O57: GUILERMO JESUS MARTIN BARRIOS FLORES | Q57: MC. PATOLOGO CLINICO KOK MUÑOZ JORGE | R57: 951687960 | S57: - Tecnóloga Médico: Buenaño Alva Fresia, Tecnólogo Médico: Guerra Igreda Rolando, Tecnóloga Médico: Rojas Toro Mabel, Tecnóloga Médico: Graza Ramírez Haydee, Tecnólogo Ureta Sierra Percy. - Tecnólogo Medico: Garcia Porras Willy. - Tecnóloga Medico: Gutierrez Barboza Lourdes. | T57: 1 | U57: 0 | V57: 8 | W57: 0 | X57: Expediente N°2024-0138678, N°2024-0172087 y N°2024-0193040 | Y57: POR REGULARIZAR
A58: 53 | B58: PER-BSIB70102 -052 | C58: R.D. N° 061-2024 DIGDOT/ MINSA | D58: 45547 | E58: 45559 | F58: 9250 | G58: II-1 | H58: DIRESA CALLAO | I58: Clínicas AUNA – Sede Bellavista | J58: BELLAVISTA | K58: CALLAO | L58: CALLAO | M58: Calle Las Gaviotas N°207/ Avenida San José N°585-589 | N58: PRIVADO | O58: VICTOR GONZA AZABACHE | P58: nelson.rodriguez@externo.auna.org | Q58: M.C. Patologo Clinico Nelson Rodríguez Gueorguiev , Fanny Bendezu Ibarra | R58: 990640043 | S58: Ángel Villegas Pérez,Katia Huerta Andrade,Milagros Hidalgo Puicon,,Zuzet Cardoso Alvarez, Julio Coyotupac López , Ana Llanos Ochoa ,Roger Urquiza Rodríguez TM. Selma Rina Gonzales Bravo | T58: 2 | U58: 0 | V58: 7 | W58: 0 | X58: Expediente 2024-0167811 y N°2024-0182271 | Y58: CLINICA DELGADO
A59: 54 | B59: PER-BSIB200104 -053 | C59: R.D N° 067-2024 DIGDOT/ MINSA | D59: 45554 | E59: 45555 | F59: 13494 | G59: II-1 | H59: DIRESA PIURA | I59: CLÍNICAS AUNA SEDE PIURA - RS: CLINICA MIRAFLORES S.A. | J59: CASTILLA | K59: PIURA | L59: PIURA | M59: Calle las Dalias A-12 Urb. Miraflores | N59: PRIVADO | O59: Arnold Alberto SUAREZ CRUZ | P59: asuarez@auna.pe | Q59: M.C. Hematologa Tassara Cicchini María Francesca | R59: 966198468 | S59: T.M. Zeta Loro Edwin Alan, T.M. Campoverde Vilela Hernán Gustavo, T.M. Chunga Bouillon Cleidi Lizet. | T59: 0 | U59: 1 | V59: 3 | W59: 0 | X59: N° 2024-0192415, N° 2024- 0207985, N° 2024- 0216731 y N° 2024- 0217336 | Y59: POR REGULARIZAR
A60: 55 | B60: PER-BSIB150132-054 | C60: R.D N° 071-2024 DIGDOT/ MINSA | D60: 45562 | E60: 45566 | F60: 5617 | G60: II-2 | H60: DIRIS LIMA CENTRO | I60: HOSPITAL SAN JUAN DE LURIGANCHO | J60: SAN JUAN DE LURIGANCHO | K60: LIMA | L60: LIMA | M60: AV. CANTO GRANDE S/N PARADERO 11 SJL | N60: MINSA | O60: JUAN CARLOS BECERRA FLORES | Q60: P.C. CYNTHIA LORENZO QUITO | R60: 941444706 | S60: T.M. Ganoza Narciso Juana, T.M. Orihuela gonzales Ruth. T.M.aklvarado Bravo Ruth, T.M. Quispe Quique Jennifer, T.M.Yanac Abarca Gissel N. | T60: 1 | U60: 1 | V60: 5 | W60: 0 | X60: N° 2024 - 0205725 y N° 2024-0212350 | Y60: POR REGULARIZAR
A61: 56 | B61: PER-BSIB240101-055 | C61: R.D N° 085-2024 DIGDOT/ MINSA | D61: 45582 | E61: 45586 | F61: 12272 | G61: II-1 | H61: DIRESA TUMBES | I61: HOSPITAL CARLOS ALBERTO CORTEZ JIMENEZ - ESSALUD | J61: TUMBES | K61: TUMBES | L61: TUMBES | M61: PROLONGACION AV. TUMBES N° 1625 | N61: ESSALUD | O61: M.C .VICTOR MANUEL PEREZ SILVA | P61: victor.perezs@essalud.gob.pe | Q61: M.C LUIS MALPICA CASTILLO | R61: 944929913 | S61: T.M.Eder Santos Llenque Siancas, Jeycer Mejia Cieza, Jaime Enrique Brito Hernandez, Maria Isabel Sandoval Chima | T61: 1 | U61: 0 | V61: 4 | W61: 0 | X61: N° 2024-0170788 ,2024- 0195400 y 2024-0232188 | Y61: POR REGULARIZAR
A62: 57 | B62: PER-BSIB220601-056 | C62: R.D N° 084-2024 DIGDOT/ MINSA | D62: 45582 | E62: 45586 | F62: 6919 | G62: II-E | H62: DIRESA SAN MARTIN | I62: HOSPITAL II E JUANJUI - M.C- LUIS IZQUIERDO VASQUEZ | J62: JUANJUI | K62: MARISCAL CACERES | L62: SAN MARTIN | M62: JR ARICA S/N | N62: MINSA | O62: D.C. PAUL ALAN REATEGUI SANDDOVAL | P62: preategui_sa@hotmail.com | Q62: M.C. RONAL PEREZ ORTIZ | R62: 972855469 | S62: TM. ANGHELO CASTILLO JARA, TM. PEDRO SIFUENTES FLORES, T.M.DANIEL MACUYAMA SAAVEDRA, TM. JULISSA TORRES FLORES | T62: 1 | U62: 0 | V62: 4 | W62: 0 | X62: N° 2024- 0215964 | Y62: POR REGULARIZAR
A63: 58 | B63: PER-BSIB150605-057 | C63: R.D N° 090-2024 DIGDOT/ MINSA | D63: 45590 | E63: 45601 | F63: 7638 | G63: II-2 | H63: DIRESA LIMA | I63: HOSPITAL CHANCAY Y S.B.S DR. HIDALGO ATOCHE LOPEZ | J63: CHANCAY | K63: HUARAL | L63: LIMA | M63: CALLE MARISCAL SUCRE S/N | N63: MINSA | P63: direcejecutivahospichancay@gmail.com | Q63: PATOLOGO CLINICO REYNALDO ESTELA RAMIREZ | R63: 996228972 | S63: TM. LILIA MARLENE GUTIERREZ ANDRADE, AYALA CRISSOSTOMO MARILU CONSUELO, MARIA ESTHER CALDERON OSORIO, ARAUCO FLORES JORGE ULISES, LOPEZ CASANOVA EFRAIN, KATHERINE VITORINO PONCE , RUMILDA MAGALI RIOS CHAMORRO, MARGARITA FIGEROA VALENCIA, KARINA PALOOMINO LEGUIA, FLOR DE MARIA CAPILLLO BAZAN, GISELLA JULIA CALVO VASQUEZ, | T63: 1 | U63: 0 | V63: 11 | W63: 0 | X63: N° 2024-0194284 y 2024-0210080 | Y63: POR REGULARIZAR
A64: 59 | B64: PER-BSIB150103-058 | C64: R.D N° 092-2024 DIGDOT/ MINSA | D64: 45593 | E64: 45596 | F64: 5883 | G64: II-1 | H64: DIRIS LIMA ESTE | I64: HOSPITAL DE HUAYCAN | J64: ATE | K64: LIMA | L64: LIMA | M64: Av. José C. Mariátegui S/N Zona B – A.H | N64: MINSA | O64: CESAR AUGUSTO DIAZ ESPINOZA | Q64: M.C. EDELMIRA GONZALES CHUMPITAZ | S64: TMS: CYNTHIA ISABEL HUARANCA SALINAS, HELLEN ESPIRITU PICHIULE, WILBER ALEXI YATACO SARAVIA, KARLA ESTEFANY BECERRA RAMIEZ, WALTER JOSE LUJAN ARCE, ABANTO CASTILLO JOHAN ALEXANDER, ROMILLY POUL MUÑOA FLORES | T64: 1 | U64: 0 | V64: 7 | W64: 0 | X64: N° 2024-0214148 y 2024-0215229 | Y64: POR REGULARIZAR
A65: 60 | B65: PER-BSIB150141-059 | C65: R.D N° 108-2024 DIGDOT/ MINSA | D65: 45621 | E65: 45628 | F65: 12206 | G65: II-E | H65: DIRIS LIMA CENTRO | I65: DETECTA CLINICA ONCOLOGICA | J65: SURQUILLO | K65: LIMA | L65: LIMA | M65: Av. Angamos Este N° 2688 | N65: PRIVADO | O65: M.C. LADD VICUÑA GUILLERMO | P65: direccionmedica@detecta.pe | Q65: M.C. ELIZABETH CARRILLO | R65: 997904429 | S65: TM BRAULIO CORDOVA , TM JIMENEZ CASTILLO NOEMI, TM YOSELIN CUADRIS QUISPE | T65: 1 | U65: 0 | V65: 3 | W65: 0 | Y65: CLINICA RICARDO PALMA, CLINICA PADRE LUIS TEZZA
A66: 61 | B66: PER-BSIB150136-060 | C66: R.D N° 105-2024 DIGDOT/ MINSA | D66: 45621 | E66: 45624 | F66: 12666 | G66: II-2 | H66: DIRIS LIMA CENTRO | I66: INVERCONSULT SA. (CLINICA PROVIDENCIA) | J66: SAN MIGUEL | K66: LIMA | L66: LIMA | M66: CALLE CARLOS GONZALES N° 250 | N66: PRIVADO | O66: M.C. RAFAEL EDUARDO DE LA ROSA CARDENAS | P66: msuarez@clinicaprovidencia.pe | Q66: M.C. ABRAHAM DIAZ CHAVEZ (PATOLOGO CLINICO) | R66: 942100449 | Y66: POR REGULARIZAR
A67: 62 | B67: PER-BSIB150114- 061 | C67: R.D N° 110-2024 DIGDOT/ MINSA | D67: 45625 | E67: 45631 | F67: 9153 | G67: II-2 | H67: DIRIS LIMA ESTE | I67: CLINICA MONTEFIORI | J67: LA MOLINA | K67: LIMA | L67: LIMA | M67: AV. SEPARADORA INDUSTRIAL N° 1820 | N67: PRIVADO | O67: M.C. ANILKKA MILUSKA VITTOR YMAÑA | Q67: M.C. ABRAHAM DIAZ CHAVEZ (PATOLOGO CLINICO) | R67: 942100449 | S67: LIC. JANET PRADO CARDENAS, LIC. JENIFER VALENCIA,LIC. STEPHANIE SANCHEZ, LIC. DEYSI OROSCO,LIC. JUNIOR DE LA CRUZ | T67: 1 | U67: 0 | V67: 4 | W67: 0 | X67: N° 2024-0216460 Y N° 20240233723 | Y67: POR REGULARIZAR
A68: 63 | B68: PER-BSIB140112-062 | C68: R.D N° 111-2024 DIGDOT/ MINSA | D68: 45625 | E68: 45631 | F68: 11020 | G68: II-1 | H68: DIRESA LAMBAYEQUE | I68: HOSPITAL II LUIS HEYSEN INCHAUSTEGUI | J68: PIMENTEL | K68: CHICLAYO | L68: LAMBAYEQUE | M68: KM 3.5 CARRETERA CHICLAYO-PIMENTEL | N68: ESSALUD | O68: OSCAR ALFREDO CELIZ RODRIGUEZ | P68: oscar.celiz@essalud.gob.pe | Q68: JOHAN ARRUE HERNANDEZ | R68: 987770649 | S68: LIC.MARIA DEL CARMEN CHIROQUE MONTALVAN,LIC. MARIA MERCEDES MOTENEGRO CHANCAFE,LIC. EUBEER SANCHEZ RAMIREZ, LIC RODORICO CIEZA MARIN, LIC MARILÚ PISCOYA SOTO | T68: 3 | U68: 0 | V68: 5 | W68: 0 | X68: N°2024-0217646,N° 2024- 0239179 | Y68: POR REGULARIZAR
A69: 64 | B69: PER-BSIB150101-063 | C69: R.D N° 118-2024 DIGDOT/ MINSA | D69: 45631 | E69: 45637 | F69: 8281 | G69: II-2 | H69: DIRIS LIMA CENTRO | I69: CLINICA MAISON DE SANTE DE LIMA | J69: LIMA | K69: LIMA | L69: LIMA | M69: Jr. Miguel Aljovin Nro 208-222 | N69: PRIVADO | O69: KARIN JOVANA CONTRERAS ALVAREZ | P69: kcontreras@clubdesalud.pe | Q69: WILLIAM FELIX ASTORAYME ZAMORA | S69: TM Carol Aylien Moya Carol, TM Carlos Diaz Milton, TMMOTTA HERNANDEZ ROSA, TM SUAREZ LIZANA CARMEN, TM ALIAGA AYALA PATRICIA | T69: 1 | U69: 0 | V69: 6 | W69: 1 | X69: N°2024-0211794, N°2024-0223498, N°2024-0240030 y 2024-0258662 | Y69: CLINICA SANNA SAN BORJA (Esperanza del Perú S.A y CSalud S.A)
A70: 65 | B70: PER-BSIB150110-064 | C70: R.D. N° 121-2024 DIGDOT/ MINSA | D70: 45645 | E70: 45653 | F70: 27565 | G70: II-1 | H70: DIRIS LIMA NORTE | I70: HOSPITAL I MARINO MOLINA SCIPPA | J70: COMAS | K70: LIMA | L70: LIMA | M70: AV.GUILLERMO DE LA FUENE 515-545 URB. SANTA LUZMILA | N70: ESSALUD | O70: Javier Ivan HENOSTROZA CACERES | Q70: PATOLOGO CLINICO ZAPATA SILVA TOMAS EDUARDO | R70: 992100654 | S70: TM Vasquez Masanapon Juana, TM. Gutierrez Terán Luz Rocio, TM Evelyn Camacho Mendives, TM Rosalina Patricia Yovera Sosa | T70: 1 | U70: 0 | V70: 4 | W70: 0 | X70: 2024-0222064, 2024-0245435 y 2024-0286495 | Y70: POR REGULARIZAR
A71: 66 | B71: PER-BSIB110101-065 | C71: R.D. N° 131-2024 DIGDOT/ MINSA | D71: 45652 | E71: 45666 | F71: 3359 | G71: II-1 | H71: DIRESA ICA | I71: HOSPITAL SANTA MARIA DEL SOCORRO | J71: ICA | K71: ICA | L71: ICA | M71: Prolongacion Servulo Gutierrez 223 San Miguel, Ica | N71: MINSA | O71: Ricardo David Martinez Muñante | P71: roxanavdc.05@gmail.com | Q71: MC.ROXANA VILCA DEL CASTILLO | R71: 956960485 | S71: TM. Mariluz Constantina Fernandez Vasquez, TM. Jackelinne Jannet Cornejo Cruz, Blgo. Alejandro Constantino Cavero Espino, | T71: 1 | U71: 0 | V71: 1 | W71: 1 | X71: N°2024-0186446, N° 2024-0243094 | Y71: POR REGULARIZAR
A72: 67 | B72: PER-BSIB150121-066 | C72: R.D. N° 124-2024 DIGDOT/ MINSA | D72: 45645 | E72: 45674 | F72: 10743 | G72: II-2 | H72: DIRIS LIMA CENTRO | I72: RAZON SOCIAL ASOCIACIÓN CIVIL NUESTRA SEÑORA DEL SAGRADO CORAZON Y CON NOMBRE COMERCIAL CLINICA STELLA MARIS | J72: PUEBLO LIBRE | K72: LIMA | L72: LIMA | M72: Av. Paseo de los Andes N°923 | N72: PRIVADO | O72: Clodoaldo Barreda Dominguez (Gerente de Salud) | P72: cjoo@stellamaris.com.pe | Q72: JAVIER ERNESTO ROIG AROSEMENA | R72: 945578963 | S72: TM CARMEN PACORA AGUILAR, TM MERCEDES CARRILLO BALCAZAR, TM SINTIA BLAS TORRES, TM ACOSTA SALERO FABIOLA, TM CALDERON RODRIGUEZ DAYANA, TM ERIKA DEL VALLE AGUILAR VELASQUEZ | T72: 1 | U72: 0 | V72: 6 | W72: 0 | X72: Expediente N°2024-0234099, N°2024-0275227, N°2024-0300026 | Y72: POR REGULARIZAR
A73: 68 | B73: PER-BSIB150101-067 | C73: R.D. N° 125-2024 DIGDOT/ MINSA | D73: 45645 | E73: 45666 | F73: 15610 | G73: II-2 | H73: DIRIS LIMA CENTRO | I73: CLINICA INTERNACIONAL - SEDE LIMA | J73: LIMA | K73: LIMA | L73: LIMA | M73: Jr. Wasshington N°1471 | N73: PRIVADO | O73: Dra.FARIA PATRICIA BERNUI BOBADILLA | Q73: PATOLOGA MIRELLE MARMOLEJO OCHANTE | S73: - Tecnóloga Médico: Liz Magnolia Chine Prada. Tecnólogo Médico: Román Clemente Jaqueline. | T73: 2 | U73: 0 | V73: 2 | W73: 0 | X73: N°2024-0162307, N°2024-0242809 y N°2024- 0265389 | Y73: POR REGULARIZAR
A74: 69 | B74: PER-BSIB130401-068 | C74: R.D. N° 014-2025 DIGDOT/ MINSA | D74: 45706 | E74: 45713 | F74: 5299 | G74: II-1 | H74: GERESA LA LIBERTAD | I74: HOSPITAL DE APOYO CHEPEN | J74: CHEPEN | K74: CHEPEN | L74: LA LIBERTAD | M74: Av. 28 de julio S/N | N74: MINSA | O74: M.C. Cyntia QUESQUEN GARCIA | Q74: Patolgo: ROSITA ELENA GÁLVEZ CABRERA. R | R74: 976762954 | S74: TECNÓLOGOS MÉDICOS: 1,FREYSER NICK CALLA VILCHEZ. 2,GALLARDO ESTEVES WILLFORD RAUL. 3,RAMOS AGAPITO JUAN CARLOS. 4,RAMOS AGAPITO RONALD WILLIAM. 5,PACHERRES BUSTAMANTE LESVIA ESPERANZA. 6,FERNÁNDEZ VALVERDE DARWIN ALMANZOR | T74: 1 | U74: 0 | V74: 6 | W74: 0 | X74: Expediente N° 2024-0214814, N° 2024-0274615, N° 2024-0288334, N°2024-0308780, N°2025-0008443 | Y74: POR REGULARIZAR
A75: 70 | B75: PER-BSIB150132-069 | C75: R.D. N° 029-2025 DIGDOT/ MINSA | D75: 45740 | E75: 45742 | F75: 8317 | G75: II-1 | H75: DIRIS LIMA CENTRO | I75: HOSPITAL AURELIO DIAZ UFANO Y PERAL | J75: SAN JUAN DE LURIGANCHO | K75: LIMA | L75: LIMA | M75: CALLE RIO MAJES S/N G11 ANEXO AV. SANTA ROSA N° 5657 URB. LOS PINOS | N75: ESSALUD | O75: M.C. VICTOR GUISSE MAGALLANES | P75: victor.guisse@essalud.gob.pe | Q75: P.C.MANUEL FERNANDEZ VEGA/ MARIA DEL CARMEN CARBAJAL VILLAVICENCIO | R75: 962291652 | S75: LIC. MATSUMOTO OISCHI CARMEN, LIC. ROJAS DE LA CRUZ NILTON, LIC. SANCHEZ HUILCA LUCIA, LIC. VILLEGAS CERNA JEAN | T75: 1 | U75: 0 | V75: 4 | W75: 0 | X75: N°2025-0004773, 2025-0023101 , 2025-0059383 | Y75: POR REGULARIZAR
A76: 71 | B76: PER-BSIB150108-070 | C76: R.D. N° 041-2025 DIGDOT/ MINSA | D76: 45772 | E76: 45686 | F76: 10251 | G76: II-2 | H76: DIRIS LIMA SUR | I76: CLINICAS MAISON DE SANTE S.A. | J76: CHORRILLOS | K76: LIMA | L76: LIMA | M76: AV. CHORRILLOS 171-173 | N76: PRIVADO | O76: VIDAL HUAMAN CRUZ | P76: vhuaman@clubdelasalud.pe | Q76: PATOLOGO CLINICO WILLIAM ASTORAYME ZAMORA | R76: 992997551 | S76: LIC TM KARLA ANDREA CRUZ, TM RONALD BRICEÑO, TM STEFFY JOCELYM JO,TM CAROL AYLIEN HERNANDEZ,TM YOSELI CENTENO | T76: 1 | U76: 0 | V76: 5 | W76: 0 | X76: 2025-0080220,2025-0079906,2025-0073045,20250064291,20250049553 | Y76: POR REGULARIZAR
A77: 72 | B77: PER-BSIB110201-071 | C77: R.D. N° 066-2025 DIGDOT/ MINSA | D77: 45803 | E77: 45810 | F77: 13910 | G77: II-1 | H77: DIRESA ICA | I77: razon social SEGURO SOCIAL DE SALUD y nombre comercial RENE TOCHE GROPPO | J77: CHINCHA ALTA | K77: CHINCHA | L77: ICA | M77: Av. San Ildefonso N°101 | N77: ESSALUD | O77: Luis Guillermo SARAVIA PACHAS | Q77: CLAVARINO ARTEAGA ROCIO BERTHILA. | R77: 943481904 | S77: Se presento como personal de BS a los siguientes: 1. TM. FELIX ALBERTO, PORTILLA NAPA (T:01 FEB 1999) 2. TM. PEREZ MESTAS, MISHELLE DEL ROSARIO (T:23 SET 2020) 3.TM CRISTEL ANTUANETH PUNTRIANO GUILLEN (T:05 MARZO 2021) 4. TM FIGUEROA VALERIO GIOVANNA (T:16 JULIO 2014) 5. TM YARIRA YETSEL MEDINA ESPINOZA (T:21 OCT 2020) 6. TM FANNY BETZABE VILLA ZAPATA (T:26 MARZO 1993) 7. TM MAGALI ELIZABETH ROJAS TASAICO (T:24 JUNIO 1997) 8. TM OSCAR ENRIQUE CHAVEZ COLMENARES (T:5 FEBRERO 2001) | T77: 1 | U77: 0 | V77: 8 | W77: 0 | X77: Expediente N°2025-0062278, N°2025-0094749 | Y77: POR REGULARIZAR
A78: 73 | B78: PER-BSIB150140-072 | C78: R.D. N° 094-2025 DIGDOT/ MINSA | D78: 45902 | E78: 45903 | F78: 15118 | G78: II-2 | H78: DIRIS LIMA SUR | I78: CLINICAS MAISON DE SANTE SOCIEDAD ANONIMA - CLINICA MAISON DE SANTE DEL ESTE | J78: SANTIAGO DE SURCO | K78: LIMA | L78: LIMA | M78: AV PROLONGACION ALFREDO BENAVIDES 5362 URB LAS GARDENIAS | N78: PRIVADO | O78: CESAR EDUARDO CARREÑO DIAZ | Q78: PATOLOGA CLINICA MARIZA ALLCA LLAVE | R78: 997461322 | S78: TM YOSELLI CENTENO, KARLA CRUZ, RAUL POSSO, CAROL HERNANDEZ,MILTON CARLOS | T78: 1 | U78: 0 | V78: 5 | W78: 0 | X78: Expediente N° 2025 - 0179896, N° 2025-0165148, N° 2025-0159110 y N° 2025- 0150881.
A79: 74 | B79: PER-BSIB070103-073 | C79: R.D. N° 093-2025 DIGDOT/ MINSA | D79: 45902 | E79: 45902 | F79: 6219 | G79: II-2 | H79: DIRESA CALLAO | I79: HOSPITAL SAN JOSE | J79: CARMEN DE LA LEGUA REYNOSO | K79: CALLAO | L79: CALLAO | M79: JR LAS MAGNOLIAS N°475 | N79: MINSA | O79: YESPER SARAVIA DIAZ | P79: hospjose@hsj.gob.pe | Q79: P.C. RUTH MOROCHO POMAR | R79: 941585608 | S79: T.M. Fuentes palacios, Rodríguez Huamán, Chumbi chunga, Cruzado rivera, Sánchez guando, Sarco Trujillo | T79: 1 | U79: 0 | V79: 6 | W79: 0 | X79: Expediente N° 2025-0190879, N° 2025-0203540, N° 2025-0204802 y N°0220221 | Y79: POR REGULARIZAR
A80: 75 | B80: PER-BSIB200105-074 | C80: R.D. N° 103-2025 DIGDOT/ MINSA | D80: 45909 | E80: 45910 | F80: 10723 | G80: II-1 | H80: DIRESA PIURA | I80: HOSPITAL PRIVADO DEL PERU SAC | J80: CATACAOS | K80: PIURA | L80: PIURA | M80: CARRETERA PIURA- CATACAOS, KM.5 | N80: PRIVADO | O80: BLANCA VIOLETA CORDOVA HIDALGO | P80: laboratoriohpp@hpp.com.pe | Q80: P.C. ROCIO SANCHEZ AGUIRRE | R80: 969578610 | S80: Flor María castro de la Cruz, Keyla zurita Alejandría, Vanesa Ivon Panta Cruz, Cenaida Jimenes Granda, Norma Yesenia Valencia | T80: 1 | U80: 0 | V80: 5 | W80: 0 | X80: Expediente N° 2025-0178303, N° 2025-0182666 y N° 2025-0227733 | Y80: POR REGULARIZAR
A81: 76 | B81: PER-BSIB060101-075 | C81: R.D. N° 109-2025 DIGDOT/ MINSA | D81: 45915 | E81: 45916 | F81: 4655 | G81: II-E | H81: DIRESA CAJAMARCA | I81: HOSPITAL “SIMÓN BOLIVAR” | J81: CAJAMARCA | K81: CAJAMARCA | L81: CAJAMARCA | M81: Av. Mario Urteaga N° 500 | N81: MINSA | O81: M.C. GLADIS DELGADO CHAVEZ | P81: feruma2518@gmail.com | Q81: Medico Cirujano . Fernando Rubén Marino Aguilar | R81: 949400959 | S81: T.M. Yovana Elizabeth Huaripata Vásquez, T.M. Lesly Arllet Coronel Roncal, Bióloga Ana Karina Chero Llantop, Biólogo Giancarlo Denis Santoyo Bornaz., Biólogo José Antonio Córdova Córdova | T81: 0 | U81: 1 | V81: 2 | W81: 3 | X81: N° 2025-0223906 | Y81: POR REGULARIZAR
A82: 77 | B82: PER-BSIB040101-076 | C82: R.D. N° 115-2025DIGDOT/ MINSA | D82: 45926 | E82: 45931 | F82: 13722 | G82: II-E | H82: GERESA AREQUIPA | I82: CLINICA AREQUIPA S.A. | J82: AREQUIPA | K82: AREQUIPA | L82: AREQUIPA | M82: Esquina puente Grau con Av. Bolognesi S/N | N82: PRIVADO | O82: M.C. HARRISON VIZCARRA ZEGARRA | P82: gerenciamedica@clinicarequipa.com.pe | Q82: Médico Patólogo Clínico Luis Antonio Vizcarra Zegarra | R82: 959934209 | S82: T.M. Mayte Eliana Monzón Sullca, Bióloga Stephanie Yelitza Cervantes Bustos. Biólogo Carlos Cesar Laguna Mendoza, Bióloga Silvia Demetria Machaca Chipana, Bióloga Maribel Ines Yataco Flores. | T82: 1 | U82: 0 | V82: 1 | W82: 4 | X82: N° 2025-0227223, 2025-0237895, 2025-0251920 y 2025-0252812 | Y82: POR REGULARIZAR
A83: 78 | B83: PER-BSIB110501-077 | C83: R.D. N° 143-2025DIGDOT/ MINSA | D83: 46014 | E83: 46022 | F83: 14147 | G83: II-1 | H83: DIRESA ICA | I83: RS.SEGURO SOCIAL DE SALUD N.C. ANTONIO SKRABONJA ANTONCICH | J83: PISCO | K83: PISCO | L83: ICA | M83: AV. LAS AMERICAS S/N | N83: ESSALUD | O83: M.C.ALDO PHILIPPE TORRES MANRIQUE | P83: aldo.torresm@essalud.gob.pe | Q83: M.C. LUIS JAVIER GALVEZ ESCATE | S83: T.M. SANTA BEATRIZ FALERO BOJORQUEZ, T.M. LESLI MEDINA CIPRIANI, T.M QUISPE RODRIGUEZ, T.M. ROJAS ÑIQUE, T.M. TORREALVA TOLEDO, T.M.MEDINA ESPINOZA Y T.M. ROMAN PERLATA | U83: 1 | V83: 7 | W83: 0 | X83: N° 2025-0342395 Y 2025-0345938 | Y83: POR REGULARIZAR
A84: 79 | B84: PER-BSIB070106-078 | C84: R.D. N° 003-2026-DIGDOT/ MINSA | D84: 46035 | E84: 46037 | F84: 7126 | G84: II - 1 | H84: DIRESA CALLAO | I84: HOSPITAL DE VENTANILLA | J84: VENTANILLA | K84: CALLAO | L84: CALLAO | M84: Av. Pedro Beltrán Calle S/N. Altura de la Calle 3 | N84: MINSA | O84: M.C Guillermo Javier Huatuco Collantes | Q84: M.C. Gallegos Catachura Jimmy Richard | S84: Lic. TM. Walter Arroyo, Lic. TM. Laura Cruzado, Lic. TM. Gilda Lujan, Lic. TM. Edhizon Trejo, Lic. TM. Celena Romero, Lic. TM. Harry Rojas, Lic. TM. Nery Delgado, Lic. TM. Miguel Quispe, Lic. TM. Suzetti Tisnado, Lic. TM. Liliana Bermudez, Lic. TM. Roberts Congona, Lic. TM. Greicy Gonzales, Lic. TM. Joel Granda, Lic. TM. Marycarmen Melgarejo y Lic. Blga. Leticia Silva Mera | T84: 1 | U84: 0 | V84: 14 | W84: 1 | X84: N ° 2025-0270186, N° 2025-030304, 2025-0349494 | Y84: POR REGULARIZAR
A85: 80 | B85: PER-BSIB221001-079 | C85: R.D. N°D0050-2026-DIGDOT-MINSA | D85: 46192 | E85: 46195 | F85: 6580 | G85: II-1 | H85: DIRESA SAN MARTIN | I85: HOSPITAL TOCACHE | J85: TOCACHE | K85: TOCACHE | L85: SAN MARTIN | M85: Jr. RICARDO PALMA 550 | N85: MINSA | O85: OBS. WILDER VASQUEZ ALVA | P85: 972862206 | Q85: Pat. Clí. JOAN MANUEL PEDRAZA LA BARRERA | R85: 983694330 | S85: T.M. Jaquelline Callirgos Atoche, T.M. David Egusquizar Romero, T.M. Deysi Contreras Laos, T.M. Nino Deyvis Sánchez Sánchez, T.M. Aldo Silva Alejandria | T85: 1 | U85: 0 | V85: 5 | W85: 0 | X85: N°2026-0057988, N°2026-0104087, N°2026-0122834 y N°2026-0131517 | Y85: POR REGULARIZAR
A86: 81 | B86: PER-BSIB200501-080 | C86: R.D. N°D00XXXX-2026-DIGDOT-MINSA | F86: 2021 | G86: II-1 | H86: DIRESA PIURA | I86: HOSPITAL DE APOYO II-1 NUESTRA SEÑORA DE LAS MERCEDES -PAITA | J86: PAITA | K86: PAITA | L86: PIURA | M86: LOS PESCADORES S/N,LA PUNTA S/N | N86: MINSA | O86: Eduardo Ricardo Alvarez Delgado | P86: direccion@hospitallasmercedespaita.gob.pe | Q86: Hematologa Dra. MARIA TASSARA Cicchini | R86: 966198468 | S86: T.M José Alberto Palomino Dominguez T.M Berenise Marilyn Arismediz Hidalgo T.M María Elizabeth Giron Flores T.M Jairo Iván García Copia T.M Jeycer Mejia Cieza | T86: 0 | U86: 1 | V86: 5 | W86: 0 | X86: 2026-0121794, 2026-0137059, 2026-0154136, 2026-0165476. | Y86: POR REGULARIZAR
A87: 82 | B87: PER-BSIB110101-081 | C87: R.D. N°D00XX-2026-DIGDOT-MINSA | F87: 13912 | G87: II-1 | H87: DIRESA ICA | I87: razón social SEGURO SOCIAL DE SALUD y nombre comercial FELIX TORREALVA GUTIERREZ | J87: ICA | K87: ICA | L87: ICA | M87: Av. Cutervo N° 104 | N87: ESSALUD | O87: JUAN CARLOS GALINDO MATTA | P87: juan.galindom@essalud.gob.pe | Q87: M.C. MARIA YSABEL GRADOS AVALOS | R87: 962 537 718 | S87: TM Marely Giuliana Hernandez Vagas de Alejo, TM Cesar Jesus Chavez Hernandez, TM Eugenia Dina Robles Ventura, TM Gladys Betsaida Cervantes Ortega, TM Yetti Rodriguez Weisselberger, TM Eucebio Samana Gaytan, TM Max Alexander Huamantupa Retamozo, TM Karen Pierina Garcia Fajardo, TM Cesar Fonseca Fonseca | T87: 1 | U87: 0 | V87: 9 | W87: 0 | X87: N° 2026-0141068, 2026-0168958, 2026-0196866 y 2026-0195714

Sheet BS I C
A1: angamos
A4: BANCO DE SANGRE TIPO I C
A5: N° | B5: N° DE INSCRIPCIÓN | C5: ACTO RESOLUTIVO | D5: FECHA (DIA/MES/AÑO) | E5: FECHA DE PUBLICACION RD | F5: RENIPRESS | G5: IPRESS | H5: DIRIS/DIRESA | I5: IPRESS | J5: DISTRITO | K5: PROVINCIA | L5: REGION | M5: REGION | N5: SUBSECTOR | O5: DIRECTOR | P5: CONTACTO | Q5: JEFE DE BANCO DE SANGRE | R5: CONTACTO | S5: PERSONAL | T5: Patólogo Clínico | U5: Otra Especial | V5: T.M. | W5: Biól. | X5: N° EXPEDIENTE | Y5: CONVENIO | AA5: PRIVADO | AB5: =COUNTIF(N6:N599,"PRIVADO") -> 7
A6: 1 | B6: PER-BSIC150122-001 | C6: R.D. N° 006-2023 DIGDOT/MINSA | D6: 44938 | E6: 44953 | F6: 8489 | G6: II-2 | H6: DIRIS LIMA CENTRO | I6: ESSALUD-HOSPITAL III SUAREZ ANGAMOS | J6: MIRAFLORES | K6: LIMA | L6: LIMA | M6: AV ANGAMOS ESTE N°261 | N6: ESSALUD | O6: DR.FAUSTO ANIBAL VILLAVICENCIO SILVA | P6: 980234828 / fausto.villavicencio@essalud.gob.pe | Q6: DRA KATTIA ANAHI RIVERO VILLEGAS | R6: 980234828 | S6: DRA ROCIO ALVAREZ MATAMOROS, DRA MARIZA RAMOS GARCIA, LIC ANALIA MERCEDES CORREA SANTILLAN, LIC ERIKA ROJAS MONZON, LIC MANSUETO CAJALEON LLANOS, LIC JOHN ANTONIO COLQUI REINOSO, LIC MARTHA CALDERON LOZANO, LIC ROSA GOMERO BLAS, LIC ERIKA LARA PACHERRES, LIC GLADYS QUISPE PALMA, LIC LIZ ALVARADO PEZO | T6: 2 | U6: 0 | V6: 20 | W6: 0 | X6: 2022-0112748 - 022-0114514 | Y6: POR REGULARIZAR | AA6: MINSA | AB6: =COUNTIF(N6:N600,"MINSA") -> 6
A7: 2 | B7: PER-BSIC150101-002 | C7: R.D. N° 045-2023 DIGDOT/MINSA | D7: 44978 | E7: 44988 | F7: 8502 | G7: II-2 | H7: DIRIS LIMA CENTRO | I7: SEGURO SOCIAL DE SALUD-HOSPITAL DE EMERGENCIAS GRAU | J7: LIMA | K7: LIMA | L7: LIMA | M7: AV GRAU N°351 | N7: ESSALUD | O7: M.C. HUMBERTO DELFÍN VÁSQUEZ CUBAS | P7: humberto.vasquez@essalud.gob.pe | Q7: PATÓLOGA CLÍNICA ZULEMA BERRIOS FUENTES | R7: 996733320 | S7: T.M MANRIQUE PEREZ ELIO, T.M. DIANA ARELLANO GAMARRA, T.M. EVA ESTRELLA SURICHAQUI, T.M. DALIA ARIAS HUAPAYA, T.M. JOSE ARMANDO SURCO ROCA, T.M. GLORIA ROBERTA OROPEZA RAMIREZ | T7: 1 | U7: 0 | V7: 6 | W7: 0 | X7: 2023-0013071, 2023-0017818, 2023-0026686 | Y7: POR REGULARIZAR | AA7: ESSALUD | AB7: =COUNTIF(N6:N601,"ESSALUD") -> 7
A8: 3 | B8: PER-BSIC130101-003 | C8: R.D. N° 055-2023 DIGDOT/MINSA | D8: 44985 | E8: 45002 | F8: 9042 | G8: III-1 | H8: GERESA LA LIBERTAD | I8: HOSPITAL VICTOR LAZARTE ECHEGARAY | J8: TRUJILLO | K8: TRUJILLO | L8: LA LIBERTAD | M8: PROLONGACIÓN UNIÓN N°1350 | N8: ESSALUD | O8: CARLOS EDUARDO ESQUERRE AGUIRRE | P8: carlos.espequerre@essalud.gob.pe | Q8: DRA. LUZ EMILIA ESTRADA CORTEZ | R8: 949939328 | S8: Médica Patóloga Clínica Patriciia Contreras Vera, T.M. Jackelin Mejia Bardales, T.M. Yeni Roldan Arteaga, T.M. Rocio del Pilar Ruiz Sanchez, T.M. Cesar Larrea Rodriguez, T.M. Luis Boza Valverde | T8: 1 | U8: 0 | V8: 5 | W8: 0 | X8: 2023-0010906 / 2023-0020464 | Y8: POR REGULARIZAR | AA8: FFAA | AB8: =COUNTIF(N6:N602,"FFAA") -> 0
A9: 4 | B9: PER-BSIC150130-005 | C9: R.D. N° 068-2023 DIGDOT/MINSA | D9: 44995 | E9: 45016 | F9: 17634 | G9: II-E | H9: DIRIS LIMA CENTRO | I9: CLINICA ONCOSALUD (RECTIFICACION ADRIAN) | J9: SAN BORJA | K9: LIMA | L9: LIMA | M9: AV. GUARDIA CIVIL N° 585 | N9: PRIVADO | O9: Frank Young Tabusso | P9: fyounq@auna.pe | Q9: Dra. Zahina Rocio Pineda Sánchez | S9: -Tecnólogo Medico: Efraín Gómez Soto, -Tecnólogo Medico: Juan Carlos Vergaray Enríquez. -Tecnólogo Medico: Javier García Saavedra. -Tecnólogo Medico: Eduardo Peláez Davila. -Tecnólogo Medico: Eulogio Caceres Leguia. -Tecnólogo Medico: Patricia Saenz Montoya. TM. Juan Alessandro Moreno Angulo | T9: 1 | U9: 0 | V9: 6 | W9: 0 | X9: 2023-0020826 / 2023-0028071 | Y9: POR REGULARIZAR | AA9: APP | AB9: =COUNTIF(N6:N604,"APP") -> 1
A10: 5 | B10: PER-BSIC110201-006 | C10: R.D. N° 085-2023 DIGDOT/MINSA | D10: 45015 | E10: 45028 | F10: 3414 | G10: II-1 | H10: DIRESA ICA | I10: DIRECCIÓN REGIONAL DE SALUD ICA-HOSPITAL SAN JOSÉ DE CHINCHA | J10: CHINCHA ALTA | K10: CHNCHA | L10: ICA | M10: AV. ABELARDO ALVA MAURTUA N°600 | N10: MINSA | O10: EDILBERTO VILCA ROJAS | P10: tramite.documentario@hsjch.gob.pe | Q10: PATÓLOGA CLÍNICA OLGA TUCTO LÓPEZ | R10: 985534642 | S10: T.M. JULIO ALEJANDRO CANTO YAURICASA, T.M. CARLOS ALBERTO AQUIJE MENDOZA, T.M. CHRISTIAN CERVANTES PEREZ, T.M. DIANA SUCAPUCA RAMIREZ, T.M. KAREN CISNEROS MORALES | T10: 1 | U10: 0 | V10: 5 | W10: 0 | X10: N°2023-0026076, N°2023-0036794 | Y10: POR REGULARIZAR | AA10: PNP | AB10: =COUNTIF(N7:N605,"PNP") -> 0
A11: 6 | B11: PER-BSIC70101-007 | C11: R.D. N° 124-2023 DIGDOT/MINSA | D11: 45099 | E11: 45103 | F11: 18319 | G11: II-2 | H11: DIRESA CALLAO | I11: Razón social Callao Salud S.A.C. y nombre comercial Hospital Alberto Leonardo Barton Thompson | J11: CALLAO | K11: CALLAO | L11: CALLAO | M11: Av. Argentina N°3525 | N11: APP | O11: DRA. RAQUEL MEDINA CASTILLO (DIRECTOR MEDICO) | P11: raquelmed97@gmail.com / 987520618 | Q11: GIOVANNA ROCÍO VIVES RIVERO | R11: 946518303 giovi.rvr@gmail.com | S11: Calidad: Christian Miguel Rivera Castillo, TM: 1. José Luis Cruz Villar 2.Melissa Joseline Iparraguirre Huiza 3.Yanet Centeno Aguirre 4. Sandra Soledad Villanueva Quispe5.Juan Gabriel Orellana Orizano 6.Jackelyne Ivette Cullas Musayon 7.Ginger Liliana Villachica Risco 8.Shirley Melody Enciso Nolasco 9.Vianca Lizandra Cardenas Huatuco 10.Diana Patricia Almeyda Carbajal. TEC. LAB: 1.Kiara Andrea Shepherd Vargas2.Paolo Edu M. Calixto Bujaico3.Santisteban Soto German Josue4.Reynaldo Campos Tapia 5.Cindy Fabiola Torres Raymondi6.Yarifi Yunis Nieto 7.Nery Laura Dueñas Ochavano | T11: 1 | U11: 0 | V11: 10 | W11: 0 | X11: N°2023-0102300, N°2023-0116713, N°2023-0119886 | Y11: RS: VILLA MARÍA DEL TRIUNFO S.A.C. NC: GUILLERMO KAELIN DE LA FUENTE / CLINICA TEZZA / CLINICA SAN BORJA SANNA
A12: 7 | B12: PER-BSIC130107-008 | C12: R.D. N° 147-2023 DIGDOT/MINSA | D12: 45159 | E12: 45162 | F12: 7277 | G12: III-2 | H12: DIRESA LA LIBERTAD | I12: IPRESS Instituto Regional de Enfermedades Neoplásicas “Dr. Luis Pinillos Ganoza” - IREN NORTE (DAR DE BAJA RD) | J12: MOCHE | K12: TRUJILLO | M12: Carretera Panamericana Norte KM 558 | O12: MANUEL ALIPIO CEDANO GUADIAMOS | P12: manuelcig@hotmail.com | Q12: DR. JAMES VALERA SAAVEDRA | R12: 968 833 443 | S12: TM EDUARDO GUERRA PACHAMANGO, TM NOEMI GARCIA TELLO, TM ELIZABETH CHILCON NOLASCO, TM CARLOS REBAZA ESQUEN, TM IRMA ORBEGOSO AMAYA, TM CARMEN CASTAÑEDA FLORES,TM CARLOS CASTILLO LEON, TM SOLEDAD AZAÑERO SANCHEZ | T12: 1 | U12: 0 | V12: 6 | W12: 2 | X12: N° 2023-0149464, 2023-0138287, 2023-0146690 | Y12: POR REGULARIZAR
A13: 8 | B13: PER-BSIC220101-009 | C13: R.D. N° 201-2023 DIGDOT/MINSA | D13: 45239 | E13: 45245 | F13: 6733 | G13: II-1 | H13: DIRESA SAN MARTIN | I13: HOSPITAL MOYOBAMBA | J13: MOYOBAMBA | K13: MOYOBAMBA | L13: SAN MARTIN | M13: AV. GRAU S/N CDRA 4 | N13: MINSA | O13: DENNIS LEWIS PEREZ POSTIGO | P13: 943764563 | Q13: Dr. Denis Juan Reyes Reynaldo - Médico Patólogo Clínico/ LIC TM BRIGHYTT MONTOYA 940190335 | R13: 943764563 | S13: Tecnólogo Médico: María Kelli Muñoz Huamán. Tecnólogo Médico: Chris Andrea Villarreal Vásquez, Tecnólogo Médico: Jhon Lenin Rojas Rengifo, Tecnólogo Medico: Damián Piscoya Villegas. Tecnólogo Medico: María Brighytt Montoya Pereira. | T13: 2 | U13: 0 | V13: 5 | W13: 0 | X13: Expediente N° 2023-0174816 y N° 2023-0192657 | Y13: POR REGULARIZAR
A14: 9 | B14: PER-BSIC70101-010 | C14: R.D. N° 021-2024 DIGDOT/ MINSA | D14: 45385 | E14: 45390 | F14: 10533 | G14: II-2 | H14: DIRESA CALLAO | I14: Hospital II Lima Norte-Callao “Luis Negreiros Vega – Red Asistencial Sabogal” | J14: CALLAO | K14: CALLAO | L14: CALLAO | M14: Avenida Tomas Valle S/N Cdra.39 Urb. Vipol | N14: ESSALUD | O14: ENRIQUE MECHATO ALDAVE | P14: enrique.mechato@essalud.gob.pe | Q14: PATOLOGO CLINICO LILIANA JOSELYN MESIAS GANDARILLAS | R14: 939 145 009 | S14: -TM. RENSO CARLOS ESPINOZA ROMERO -TM. ROQUE MORALES LEOPOLDO FRANK -TM. CHRISTOPHER ALEJANDRO RIVERA VILCHEZ-TM. ISRAEL ALEXANDER GONGORA HUAMANI-TM. FRANCISCO JAVIER CATAÑO CAPCHA | T14: 1 | U14: 0 | V14: 5 | W14: 0 | X14: 2024-0020575, 2024-0033847 y 2024-0051746 | Y14: POR REGULARIZAR | AA14: DEPARTAMENTO | AB14: CANTIDAD
A15: 10 | B15: PER-BSIC100601-011 | C15: R.D. N°005-2025 DIGDOT/ MINSA | D15: 45684 | E15: 45685 | F15: 932 | G15: II-1 | H15: DIRESA HUANUCO | I15: HOSPITAL DE TINGO MARIA | J15: RUA RUPA | K15: LEONCIO PRADO | L15: HUANUCO | M15: AV. UCAYALI 114 | N15: MINSA | O15: LUIS ALBERTO NOVOA RAMIREZ | P15: carlosdiaz_27@hotmail.com | Q15: PATÓLOGO CLÍNICO VICTOR HUGO SEGURA LOPEZ | R15: 971 568 737 | S15: BLGO. CORTEGANA VARGAS CARLOS ENRIQUE, BLGO. HUAMAN ANDRES ADA YULISA , BLGO. CINTHIA MIRELLA GODOS LOPEZ , BLGO. SALDAÑA ALFARO MIGUEL IVAN, BLGO. ANGEL JAVIER HIDALGO AYAMBO, TM. KENNETH OSCAR NICK MONTALVO LOYOLA, TM.LIZ ELIZABETH SORIA SALAZAR | T15: 1 | U15: 0 | V15: 2 | W15: 5 | X15: 2024-0183515, 2024-0215234, 2024-0271935 y 2025-0013581 | AA15: AREQUIPA | AB15: =COUNTIF($L$6:$L$599,AA15) -> 0
A16: 11 | B16: PER-BSIC180101-012 | C16: R.D.N°011-2025DIGDOT/MINSA | D16: 45694 | E16: 45695 | F16: 16157 | G16: II-1 | H16: DIRESA MOQUEGUA | I16: Hospital II Moquegua - EsSalud | J16: MOQUEGUA | K16: MARISCAL NIETO | L16: MOQUEGUA | M16: Urb. Capillune S/N San Francisco | N16: ESSALUD | O16: JORGE CASTRO TORRES | P16: nadia.mendoza@essalud.gob.pe | Q16: PATOLOGO Nadia Jessica Mendoza | S16: - Lic. Iris Baldarrago Valdivia, Lic. Samuel Yañez Candela, Lic. Cari Flores Pedro, Lic. Diaz Huamán Eugenio, Lic. Gómez Vilca Ferrer, Lic. Masco Jove Leonel, Lic. Medina Farfán Johan, Lic. Ríos Ramos Eduardo, Lic. Saire Mallma Rudy, Lic. Sánchez Apaza Yaneth. | T16: 1 | U16: 0 | V16: 0 | W16: 9 | X16: N°2024-0207488 | Y16: HOSPITAL DANIEL ALCIDES CARRION DE TACNA | AA16: CAJAMARCA | AB16: =COUNTIF($L$6:$L$599,AA16) -> 1
A17: 12 | B17: PER-BSIC060401-013 | C17: R.D. N°018-2025 DIGDOT/ MINSA | D17: 45712 | E17: 45714 | F17: 4659 | G17: II-1 | H17: DIRESA CAJAMARCA | I17: HOSPITAL DE APOYO CHOTA - JOSE SOTO CABANILLAS | J17: CHOTA | K17: CHOTA | L17: CAJAMARCA | M17: JR. EZEQUIEL MONTOYA N°718 | N17: MINSA | O17: DR. ROMMEL CERDA GONZALES | P17: rcerdag@diresacajamarca.gob.pe | Q17: M.C. JUAN TICLLA VASQUEZ | R17: 978005506 | S17: TM. SOTO ORTIZ MARLENI, TM. CORONEL GAVIDIA ROXANA, TM.Odar Rojas Janett Patricia, TM. CARRANZA QUISPE CRSHY GRACIELA, TM.JULCA TORO JOANA MABEL / TEC. RAFAEL VASQUEZ CARMELA, TEC. CORONADO VASQUEZ LUZ MAGALY | T17: 1 | U17: 2 (TEC.) | V17: 5 | W17: 0 | X17: N° 2025-0002256 | Y17: POR REGULARIZAR | AA17: CALLAO | AB17: =COUNTIF($L$6:$L$599,AA17) -> 2
A18: 12 | B18: PER-BSIC150122-014 | C18: R.D. N°028-2025 DIGDOT/ MINSA | D18: 45740 | E18: 45742 | F18: 6213 | G18: III-1 | H18: DIRIS LIMA CENTRO | I18: “HOSPITAL DE EMERGENCIAS JOSÉ CASIMIRO ULLOA” | J18: MIRAFLORES | K18: LIMA | L18: LIMA | M18: Av. Roosevelt N° 6355 (Ex Av. República de Panamá), | N18: MINSA | O18: M.C. ALBERTO GUZMAN GONZALES | P18: agonzales@hejcu.gob.pe | Q18: M.C. OSCAR ROCA VALENCIA | R18: 998 556 892 | S18: RESPONSABLE DE CALIDAD : Lic. T.M. Bruno Valera Hurtado ( 985 407 655), Lic. T.M. Amanda Medina, Lic. T.M. Andrel Castañón Guzmán, Lic. T.M. Carlos Herbozo Solís, Lic. T.M. Piet Guevara Castillo,Lic. T.M. Yesenia Quispe Gaspar,Lic. T.M. Estefanía Cárdenas,Lic. T.M. Carolina Huanca,Lic. T.M. Bresida Llerena. | T18: 2 | U18: 0 | V18: 9 | W18: 0 | X18: N° 2025-0051971, N° 2025-0058646 y N° 2025-0064888 | AA18: CUSCO | AB18: =COUNTIF($L$6:$L$599,AA18) -> 0
A19: 14 | B19: PER-BSIC200401-015 | C19: R.D. N°031-2025 DIGDOT/ MINSA | D19: 45743 | E19: 45749 | F19: 2161 | G19: II-1 | H19: DIRESA PIURA | I19: HOSPITAL CHULUCANAS | J19: CHULUCANAS | K19: MORROPON | L19: PIURA | M19: Calle Daniel Alcides Carrión S/N Asentamiento humano Vate Manrique | N19: MINSA | O19: M.C. Eduardo Ricardo ALVAREZ DELGADO | P19: dirección@hospitalchulucanas.gob.pe | Q19: M.C. Patricia Lalupu Saldaña | R19: 952 086 096 | S19: - Lic. T.M. Brun Lozada jorge León, Lic. Alicia de Fátima Zapata Vinces, Lic. T.M. Liz Nahomy Farfán Vallejos, Lic. T.M. William Chinchay Puiachi, Lic. T.M. Bertha Gomez Valle, Lic. T.M. Maria Flores Julca | T19: 1 | U19: 0 | V19: 6 | W19: 0 | X19: N° 2025-0013856, N° 2025-0045627 y N° 2025-0051225 | AA19: HUANCAVELICA | AB19: =COUNTIF($L$6:$L$599,AA19) -> 0
A20: 15 | B20: PER-BSIC150113-016 | C20: R.D. N°044-2025 DIGDOT/ MINSA | D20: 45776 | E20: 45782 | F20: 9116 | G20: III-1 | H20: DIRIS LIMA CENTRO | I20: CLINICA SAN FELIPE S.A. | J20: JESUS MARIA | K20: LIMA | L20: LIMA | M20: Av. Gregorio Escobedo N° 650 | N20: PRIVADO | O20: REPRESENTANTE LEGAL PAULA DEVESCOVI STENDBERGH | P20: pdevescovi@idd.com.pe | Q20: M.C. Manuel Leiva Beraun | R20: 999 912 443 | S20: Responsable de calidad: T.M. Rosmery Ramirez Fajardo Fajardo (951 074 143), T.M. RAMOS JIMENEZ JUAN, T.M. GONZALES HERRERA ROBERTO, T.M. BARRETO HUAMAN FLOR, T.M. LOPEZ CASU ROSA, T.M. GONZALEZ ROJAS SANDRA, JANAMPA GUZMAN CESAR, TECNICO EN LABORATORIO AYALA CHOQUEMAMANI ELIZABETH , MC ROSEMARY FERNANDEZ, TM CANDY GARCIA, MARIANA ROSADO | T20: 1 | U20: 0 | V20: 7 | W20: 0 | X20: N° 2025-0060020, N° 2025-0070878, N° 2025-0088942 | AA20: HUANUCO | AB20: =COUNTIF($L$6:$L$599,AA20) -> 1
A21: 16 | B21: PER-BSIC150801-017 | C21: R.D. N°062-2025 DIGDOT/ MINSA | D21: 45798 | E21: 45804 | F21: 11337 | G21: II-2 | H21: DIRIS LIMA PROVINCIAS | I21: HOSPITAL GUSTAVO LANATTA LUJAN - ESSALUD | J21: HUACHO | K21: HUAURA | L21: LIMA | M21: AV. FRANCISCO VIDAL N° 707 | N21: ESSALUD | O21: EDUARDO JAVIER REY ETTO | Q21: M.C. FELIX DAVID SAYAS POMA | R21: 996786248 | S21: Lic. Elmer Trujillo Román, Lic. Zarela Sánchez García, Lic. Juana Carrascal Juana, Lic. Jaime Luyo Delgado, Lic. Aida Buleje Cabrera | T21: 1 | U21: 0 | V21: 5 | W21: 0 | X21: N° 2025-0037146, N° 2025-0058717 Y N°2025-0086567 | AA21: ICA | AB21: =COUNTIF($L$6:$L$599,AA21) -> 1
A22: 17 | B22: PER-BSIC150122-018 | C22: R.D. N°050-2025 DIGDOT/ MINSA | D22: 45785 | E22: 45789 | F22: 8746 | G22: II-2 | H22: DIRIS LIMA CENTRO | I22: CLINICA GOOD HOPE | J22: MIRAFLORES | K22: LIMA | L22: LIMA | M22: AV. MALECON BALTA 956 | N22: PRIVADO | O22: SARA MUÑOZ SOLIS | P22: gerente.adt@goodhope.org.pe, asesor.legal@goodhope.org.pe 989320080 | Q22: PATOLOGO CLINICO GRACIELA CELINA PRIALE PRIALE | R22: 992 747 133 | S22: - TM.JOSE ANTONIO OLIVOS ASTUPIÑA, TM.FRANCISCO GITTER VARGAS VARGAS, TM. HUAMANI VARGAS ROSMERY, TM.MARIA EDELMIRA BALDARRAGA | T22: 1 | U22: 0 | V22: 4 | W22: 0 | X22: 2025-0063699, 2025-0078938, 2025-0101487 | AA22: JUNIN | AB22: =COUNTIF($L$6:$L$599,AA22) -> 0
A23: 18 | B23: PER-BSIC150131-019 | C23: R.D. N°056-2025 DIGDOT/ MINSA | D23: 45789 | E23: 45792 | F23: 12633 | G23: II-2 | H23: DIRIS LIMA CENTRO | I23: nombre comercial “CLINICA JAVIER PRADO” y con razón social “CLINICA JAVIER PRADO SA” | J23: SAN ISIDRO | K23: LIMA | L23: LIMA | M23: Av. Javier Prado Este 499 Urb. Jardín Lima | N23: PRIVADO | O23: M.C. ENRIQUE SOLORZANO BARRERA | P23: esolorzano@cjp.pe | Q23: M.C. ANDRÉ CASTRO ROSADO | R23: 954 069 445 | S23: - Lic. T.M. Maria Escobar Valdiviezo., Lic. T.M. Carlos Flores Butron, Lic. T.M. Geraldine Velasquez Huarcaya.,Lic. T.M. Jorge Acosta Quiniche,Lic. T.M. Farid Guerra Gutierrez (RESPONSABLE DE CALIDAD ) | T23: 1 | U23: 2 (TEC) | V23: 5 | W23: 0 | X23: N° 2025-0063223, N° 2025-0076546, N° 2025-0098986 y N° 2025-0104744 | AA23: JUNÍN | AB23: =COUNTIF($L$6:$L$599,AA23) -> 0
A24: 19 | B24: PER-BSIC150112-020 | C24: R.D. N°096-2025 DIGDOT/ MINSA | D24: 45903 | E24: 45904 | F24: 10182 | G24: II-2 | H24: DIRIS LIMA NORTE | I24: con razon social "CLINICA JESUS DEL NORTE SOCIEDAD ANONIMA CERRADA" y nombre comercial "CLINICA JESUS DEL NORTE" | J24: INDEPENDENCIA | K24: LIMA | L24: LIMA | M24: Av. Carlos Izaguirre N°153 | N24: PRIVADO | O24: M.C Erika Geovanna Espinoza Vasquez | Q24: PC Darwin Enriquez Castro | R24: 994275146 | S24: LIC TM AGUILAR VELASQUEZ ERIKA, LIC TM MORENO ANGULO JUAN , LOAYZA YASENA MIRIAM, LIC TM VIVENES MALAVA GREISMAR, LIC TM AQUINO FERNANDEZ ANDERSON, TEC | T24: 2 | U24: 1 ( TEC) | V24: 6 | W24: 0 | X24: N°2025-0146579, N°2025-0172631,2025-0175738 y N°2025-0202053 | Y24: CLINICA SAN PABLO | AA24: LA LIBERTAD | AB24: =COUNTIF($L$6:$L$599,AA24) -> 1
A25: 20 | B25: PER-BSIC150130-021 | C25: R.D. N°104-2025 DIGDOT/ MINSA | D25: 45909 | E25: 45910 | F25: 9682 | G25: II-2 | H25: DIRIS LIMA CENTRO | I25: razón social “CLINICA INTERNACIONAL S A.” y nombre comercial “CLINICA INTERNACIONAL-SEDE SAN BORJA” | J25: SAN BORJA | K25: LIMA | L25: LIMA | M25: Av. Guardia Civil (Ex. Avenida Del Aire) N°385-Mz A3 Lt.07 CORPAC 1era Zona y Av. Guardia Civil (Ex. Avenida del aire) Mz. A-4 Lt1,2,3 CORPAC 1era Zona | N25: PRIVADO | O25: APODERADO LEGAL: Mauricio Raúl DE MENDOZA FUENZALIDA | P25: amendoza@cinternacional.com.pe' | Q25: PAT. CLÍ. MANRIQUE CASTAGNOLA EDDY RENZO | S25: TM. Romero Martinez Medalit, TM. Siguas Carhuaricra Luisa, TM. Salas Licuona Tiffany, TM. Delgado Lopez Jhon, TM. Villa Reyes Roxana | T25: 1 | U25: 4(TEC) | V25: 5 | W25: 0 | X25: N°2025-0153901, 2025-0190125, 2025-0202141 y 2025-0220000 | AA25: LAMBAYEQUE | AB25: =COUNTIF($L$6:$L$599,AA25) -> 0
A26: 21 | B26: PER-BSIC150121-022 | C26: R.D. N°144-2025 DIGDOT/ MINSA | D26: 46015 | E26: 46015 | F26: 8325 | G26: II-1 | H26: DIRIS LIMA CENTRO | I26: nombre comercial Clínica Centenario Peruano Japonesa y con razón social “Asociación Peruano Japonesa”. | J26: PUEBLO LIBRE | K26: LIMA | L26: LIMA | M26: AV, PASEO DE LOS ANDES N° 675 | N26: PRIVADO | O26: PASCUAL CASTILLO OLORTEGUI | P26: PCASTILLO@CLINICAPJ.ORG.PE | Q26: P.C. ROLANDO KANASHIRO HIGA | R26: 944756739 | S26: T.M. JESUS ESCOBAR G,T.M. ROXANA VILLAR R, T.M. LUCIA DE LA CRUZ P., T.M. JOSE LLOSA NEYRA, T.M. YADIRA ZABARBURU Y., T.M. PABLO VERA O | T26: 1 | U26: 01(TEC) | V26: 6 | W26: 0 | X26: Expediente N° 2025-0359743 y 2025-0362188 | AA26: LIMA | AB26: =COUNTIF($L$6:$L$599,AA26) -> 11
A27: 22 | B27: PER-BSIC200101-023 | C27: XXXXX | D27: XXXX | E27: XXXX | F27: 10244 | G27: II-1 | H27: DIRESA PIURA | I27: HOSPITAL II JORGE REATEGUI DELGADO | J27: PIURA | K27: PIURA | L27: PIURA | M27: AV. GRAU N°1150 | N27: ESSALUD | O27: Dr. FELIX HUMBERTO ZAPATA RODRIGUEZ | Q27: PAT. CLÍN. ANA BACA PADILLA | R27: 966299426 | S27: T.M. Ernesto Calderon Carlos, T.M. Deybi Junior Carmen Hermandez. T.M. Armando Siesquén Santisteban. T.M. Angelia Reyes Jimenez. T.M. Steffanni Gissel Ocampos Reyel. T.M. Jimmy Neptali Severino Suarez. | T27: 1 | U27: 0 | V27: 6 | W27: 0 | X27: 2026-0185217, 2026-0209690 y 2026-0226179 | Y27: POR REGULARIZAR | AA27: LORETO | AB27: =COUNTIF($L$6:$L$599,AA27) -> 0
AA28: PIURA | AB28: =COUNTIF($L$6:$L$599,AA28) -> 2
AA29: SAN MARTIN | AB29: =COUNTIF($L$6:$L$599,AA29) -> 1
AA30: TACNA | AB30: =COUNTIF($L$6:$L$599,AA30) -> 0
AA31: UCAYALI | AB31: =COUNTIF($L$6:$L$599,AA31) -> 0
AA32: MOQUEGUA | AB32: =COUNTIF($L$6:$L$599,AA32) -> 1
AA33: ANCASH | AB33: =COUNTIF($L$6:$L$599,AA33) -> 0
AA34: AMAZONAS | AB34: =COUNTIF($L$6:$L$599,AA34) -> 0
AA35: TUMBES | AB35: =COUNTIF($L$6:$L$599,AA35) -> 0
AA36: PUNO | AB36: =COUNTIF($L$6:$L$599,AA36) -> 0
AA37: MADRE DE DIOS | AB37: =COUNTIF($L$6:$L$599,AA37) -> 0
AA38: APURIMAC | AB38: =COUNTIF($L$6:$L$599,AA38) -> 0
AA39: AYACUCHO | AB39: =COUNTIF($L$6:$L$599,AA39) -> 0
AA40: PASCO | AB40: =COUNTIF($L$6:$L$599,AA40) -> 0
AB41: =SUM(AB15:AB40) -> 21

Sheet BS II
A1: F
A4: BANCO DE SANGRE TIPO II
A5: N° | B5: N° DE INSCRIPCIÓN | C5: ACTO RESOLUTIVO | D5: FECHA (DIA/MES/AÑO) | E5: FECHA DE PUBLICACION RD | F5: RENIPRESS | G5: CATEGORIA | H5: DIRIS/DIRESA | I5: IPRESS | J5: DISTRITO | K5: PROVINCIA | L5: REGION | M5: DIRECCIÓN | N5: SUB SECTOR | O5: DIRECTOR | P5: CONTACTO | Q5: JEFE DE BANCO DE SANGRE | R5: CONTACTO | S5: PERSONAL | T5: Patólogo Clínico | U5: Otra Especial | V5: T.M. | W5: Biól. | X5: N° EXPEDIENTE | Y5: CONVENIO | Z5: CAMBIOS EN PERSONAL, INFRAESTRUCTURA, EQUIPAMIENTO, ETC
A6: 1 | B6: PER-BSII150130-001 | C6: R.D. N° 001-2022 DIGDOT/MINSA | D6: 44853 | E6: 44874 | F6: 16918 | G6: III-2 | H6: DIRIS LIMA CENTRO | I6: INSTITUTO NACIONAL DE SALUD DEL NIÑO SAN BORJA | J6: SAN BORJA | K6: LIMA | L6: LIMA | M6: CALLE AGUSTÍN DE LA ROSA TORA N° 1399 URB. JACARANDÁ II | N6: MINSA | O6: DRA. ZULEMA TOMAS GONZALES | P6: 2300600 | Q6: DR. JOE AVENDAÑO DOMINGUEZ | R6: Cel: 966003247, Cel:940427294, Correo: javendaño@insnsb.gob.pe, joeli.adx@gmail.com | S6: Médico Patólogo Clínico Joe Eli Avendaño Domínguez, Médico Patólogo Clínico Juan Carlos Peñaranda Salazar, Médica Patóloga Clínica Patricia García López, Médica Patóloga Clínica Milagros Isabel Saénz Becerra, Médica Patóloga Clínica Gabriela Susana Mallma Rosales, Médico Patólogo Clínico Paulo César Salas Bravo, Médica Patóloga Clínica Janet Marcelina Quispe Quispe, T.M. Merlina Doilyth Domínguez Cachique, T.M. Lissett Karina Velásquez Cueto, T.M. Lucía Julissa De La Cruz Palomino, T.M. Mayra Paulina Estrada Muñoz, T.M. Nely Margarita Gutiérres Otiniano, T.M. Charles Carhuamanca Campian, T.M. Lucas Grados Lissette Isabel, T.M. José Manuel Alejandro Llosa Neyra, T.M. Ada Curahua Ortega, T.M. Rosa Milagros Sánchez Pérez, T.M. Johanna Aracelli Zuñiga, T.M. José Luis Reyes Rojas, T.M. José Félix Graza Figueroa, T.M. Sergio Efraín Arias Quispe, T.M. Velia Violeta Roldán Mayorca , T.M. Eduardo Daniel Peláez Dávila, T.M. Jenny Salas Landa | T6: 7 | U6: 0 | V6: 17 | W6: 0 | X6: 2022-0052741 | Y6: POR REGULARIZAR | AA6: PRIVADO | AB6: =COUNTIF(N6:N597,"PRIVADO") -> 7
A7: 2 | B7: PER-BSII150101-002 | C7: R.D. N° 014-2022-DIGDOT/MINSA | D7: 44895 | E7: 44909 | F7: 6208 | G7: III-2 | H7: DIRIS LIMA CENTRO | I7: INSTITUTO NACIONAL MATERNO PERINATAL | J7: LIMA | K7: LIMA | L7: LIMA | M7: JR. Santa Rosa 941 | N7: MINSA | O7: M.C. FÉLIX DASIO AYALA PERALTA | P7: direcciongeneral@iemp.gob.pe / fayala@iemp.gob.pe | Q7: DR. MIGUEL PAREDES ASPILCUETA | R7: CEL: 947102006 / 950101796 | S7: Medico Patologo Miguel Paredes Aspilcueta, Tecnóloga Médica: Clelia Delfina Hermoza Zarate, Tecnólogo Médico: Miguel A. Vásquez Mendoza, Tecnóloga Médico: Liviac Espinoza Nancy P. | T7: 2 | U7: 0 | V7: 13 | W7: 0 | X7: 2022-0070823 | Y7: POR REGULARIZAR | AA7: MINSA | AB7: =COUNTIF(N6:N99,"MINSA") -> 51
A8: 3 | B8: PER-BSII40101-003 | C8: R.D. N° 017-2022 DIGDOT/MINSA | D8: 44897 | E8: 44999 | F8: 7397 | G8: III-2 | H8: GERESA AREQUIPA | I8: INSTITUTO REGIONAL DE ENFERMEDADES NEOPLASICAS DEL SUR - IREN SUR | J8: AREQUIPA | K8: AREQUIPA | L8: AREQUIPA | M8: AVENIDA DE LA SALUD S/N | N8: MINSA | O8: M.C. JESUS ALBERTO RIVERA JOVE | P8: gerencia@irensur.gob.pe | Q8: DR. FREDY AGUILAR PUMA | R8: Cel: 968081135 | S8: Medico Patologo Fredy Aguilar Puma, Blg Laura Quispe Marcelina, Blg Martinez Rodríguez Alexader, Blg David Rosas Wilber, Blg Parada Jara Carmen, Blg Quispe Ayme Helcy, TM Mamani Cota William, TM Ortiz Astorga Obdulia | T8: 1 | U8: 0 | V8: 2 | W8: 5 | X8: 2022-0080662 / 2022-0092846 | Y8: POR REGULARIZAR | AA8: ESSALUD | AB8: =COUNTIF(N6:N599,"ESSALUD") -> 18
A9: 4 | B9: PER-BSII150140-004 | C9: R.D. N° 023-2022 DIGDOT/MINSA | D9: 44909 | E9: 44926 | F9: 9989 | G9: II-2 | H9: DIRIS LIMA SUR | I9: CONGREGACION HIJAS DE SAN CAMILO - CLINICA PADRE LUIS TEZZA | J9: SANTIAGO DE SURCO | K9: LIMA | L9: LIMA | M9: AV. EL POLO N° 570 | N9: PRIVADO | O9: M.C. MANUEL CORDOVA POGGI | P9: direcciónmedica@clinicatezza.com.pe | Q9: DRA CINTHIA PAULINA TACSA PASCUAL (Dra. Stefanie Coletti temporal 09/06/26) | S9: Médicos Patologos Rene Cárdenas Morales, André Castro Rosado | T9: 2 | U9: 2 | V9: 6 | W9: 0 | X9: 2022-0083566 / 2022-0091220 / 2022-0101946 | Y9: CLÍNICA PROVIDENCIA, CLINICA SAN JUAN DE DIOS, CLINICA PAULISTA, CLINICA ZEGARRA, CLINICA CHORRILLOS, Hospital Barton Callao, Clinica San Marcos, Clinica Risso, Clinica San Clemente, Clinica La Familia, Congregacion hijas de san caminlo, Clinica Campbell, CLINICA ZEGARRA, Monte Sinai, Integra quirurgica | Z9: Mediante Carte N° 042-DM-CPLT-2024, de fecha 16 de agosto de 2024, el Director Médico de la Clínica Padre Luis Tezza comunica la designación de la Médica Patóloga Clínica CINTHIA PAULINA TACSA PASCUAL como Jefe del Banco de Sangre tipo II Mediante Carte N° 015-DM-CPLT-2024, de fecha 01 de mayo de 2024, el Director Médico de la Clínica Padre Luis Tezza comunica la designación de la Médica Patóloga Clínica Puente Portocarrero Lilian Milagros como Jefe del Banco de Sangre tipo II | AA9: FFAA | AB9: =COUNTIF(N6:N600,"FFAA") -> 3
B10: PER-BSII150103-005 | C10: R.D. N° 005-2023 DIGDOT/MINSA | D10: 44938 | E10: 44953 | F10: 28025 | H10: DIRIS LIMA ESTE | I10: HOSPITAL EMERGENCIA ATE VITARTE (FALTA RD DE BAJA) | J10: ATE VITARTE | K10: LIMA | M10: AV. JOSÉ CARLOS MARIÁTEGUI 364 | O10: M.C. ELIO F. ROCAFUERTE DIAZ | Q10: M.C. FEDERICO YAÑEZ ROJAS | R10: 913290580 / fyanez@heav.gob.pe | S10: MÉDICOS PATÓLOGOS: LUIS PALMA GARCIA, KATIA ZUÑIGA GOMEZ, PAULO POMA GABINO, CLEIDERMAN CHUQUIN SALAS, JHOSSELYM LEON CARLOS, ROCIO PERALTA CAPARACHIN, MELISSA CCASANI BARRIOS, JANET AQUINO ALMENDRE, JOHANA CUEVAS CONDOR, ANDREA CONDOR PACHECO, CAROLINA OLGUIN AMADO, MARIELLA HERNANDEZ ARANA | T10: 3 | U10: 0 | V10: 10 | W10: 0 | X10: 2023-0000631 | Y10: POR REGULARIZAR | AA10: PNP | AB10: =COUNTIF(N6:N601,"PNP") -> 1
A11: 5 | B11: PER-BSII140101-006 | C11: R.D. N° 020-2023 DIGDOT/MINSA | D11: 44953 | E11: 44960 | F11: 8577 | G11: III-1 | H11: GERESA LAMBAYEQUE | I11: HOSPITAL NACIONAL ALMANZOR AGUINAGA ASENJO – ESSALUD | J11: CHICLAYO | K11: CHICLAYO | L11: LAMBAYEQUE | M11: PLAZA DE LA SEGURIDAD SOCIAL S/N | N11: ESSALUD | O11: ABRAHAM BURGA GHERSI | P11: abraham.burga@essalud.gob.pe | Q11: DRA. ANA CECILIA ZEVALLOS GONZALES | R11: CEL: 947950940 | S11: Tecnólogo Médico: Hernán Alfonso García Neyra, Tecnólogo Médico: Jhonatan Grins Lozano Pérez, Tecnólogo Médico: Neli Victoria Cavero Silva, Tecnólogo Médico: Erixson Nixon Vergara Sánchez, Tecnólogo Médico: Adita Amalia Hernández Centurión, Tecnólogo Médico: Yeni Alcántara Suárez, Tecnólogo Médico: Kely Mendoza Vásquez, Tecnólogo Médico: Daniela Jannet Niño Purisaca, Tecnólogo Médico: Sylvia Beatriz Chiroque Olivos, Tecnólogo Médico: Mónica Patricia Fernández Saldarriaga , Tecnólogo Médico: Edgardo Fabián Carrasco Llatas, Tecnólogo Médico: Roxana Jakelene Asenjo Quispe, Tecnólogo Médico: Carlos Enrique Farfán Gonzales, Tecnólogo Médico: Vilma Sandoval Rodríguez , Biólogo: Ana María Garma Samillán, Técnico de Laboratorio: Nicanor Gonzalo Puicón Velásquez, Técnica de Laboratorio: Catherine Stefany Cantos Puicón, Técnica de Laboratorio: Doris Elena Ríos Vílchez, Técnica de Laboratorio: Junior Germán Santamaria Otero, Técnica de Laboratorio: Patricia Liliana Temoche Orellano, Técnica de Laboratorio: Gustavo Alan Castro Torres, Técnica de Laboratorio: Diana Ysabel Tocas Quispe, Técnica de Laboratorio: Dora Luz Balladares Moreno | T11: 2 | U11: 2 | V11: 14 | W11: 1 | X11: 2022-0111930 / 2023-0009884 / 2023-0012813 | Y11: POR REGULARIZAR | AA11: APP | AB11: =COUNTIF(N6:N602,"APP") -> 1
A12: 6 | B12: PER-BSII150142-007 | C12: R.D. N° 037-2023 DIGDOT/MINSA | D12: 44971 | E12: 44984 | F12: 23159 | G12: III-1 | H12: DIRIS LIMA SUR | I12: HOSPITAL DE EMERGENCIAS VILLA EL SALVADOR | J12: VILLA EL SALVADOR | K12: LIMA | L12: LIMA | M12: AV. 200 MILLAS S/N CRUCE CON AV. PASTOR SEVILLA | N12: MINSA | O12: NIGOEN PERCY HUAMANÍ QUISPE | Q12: DRA. WENDY CÓRDOVA BERNAL | S12: Dr. Brayan Jarold Gálvez Marticorena, Médico Patólogo Clínico, Tecnólogo Médico: Alania Yauri Andres , Tecnólogo Médico: Almonte Vargas Veronica Milagros, Tecnólogo Médico: Vega Ardiles Kimberly Alexis , Tecnólogo Médico: Diana Zoraida Correa Guerrero, Tecnólogo Médico:Avalos Champa Carmen Yesenia , Tecnólogo Médico: Percy Alvaro Bendezu Felices, Tecnólogo Médico: Luz Marina Durand Carrasco, Tecnólogo Médico: Milagros Rosario Espinoza Valdivia, Tecnólogo Médico: Delgado Ortiz Sara, Tecnólogo Médico: Felicita Cristina Blascano Rebaza , Tecnólogo Médico:Berrocal Luna Norma Yanina , Tecnologo Medico Casablanca Alvarado Juana ,Tecnologo Medico Cervantes Huarhua Valeria Melissa,tecnologo Medico Cuzco Huallpa Liz Melissa,Tecnologo Medico Huamani Vargas Rosmery,Tecnologo Medico Ortocoma Guizado Cristina , Tecnólogo Médico: Milagros Sanchez Bermudo,Tecnologo Medico Quintana Cañari Alexandra Técnico de Laboratorio: Judith Rosemery Leguia Gutierrez, Técnica de Laboratorio: Cesar Augusto Prudencio Palomino, Tec en Lab Huaman Parra Gretta Sheyla, tec en Lab Navarro Vera Edison Administrativo: Ramirez Quilca Luz maria | T12: 3 | U12: 0 | V12: 13 | W12: 0 | X12: 2023-0019212 | Y12: NO TIENE | Z12: SÍ, FALTA ACTUALIZAR SEGÚN RESPONDAN (2026)
A13: 7 | B13: PER-BSII150115-008 | C13: R.D. N° 039-2023 DIGDOT/MINSA | D13: 44972 | E13: 44984 | F13: 9251 | G13: III-1 | H13: DIRIS LIMA CENTRO | I13: HOSPITAL NACIONAL GUILLERMO ALMENARA IRIGOYEN - ESSALUD | J13: LA VICTORIA | K13: LIMA | L13: LIMA | M13: AV GRAU N°800 | N13: ESSALUD | O13: DANFER WENCESLAO HUAPAYA GARCIA | P13: juan.zubieta@essalud.gob.pe | Q13: DR ZUBIETA CABANILLAS JUAN SAMUEL | R13: CEL: 994083671/ LIC . MAGDA TORRES CEL:987211976 | S13: M.PATOLOGO: Dra. Yolanda Virginia cuba, Dr. Víctor San Martin Chipoco /T.MLic. Lucia Farfán Garate, Abel Alva León, Cinthia Azabache Palomino, Vilma Basurto Ortiz, Cecilia Soto Núñez, Alejandro Bustamante del Rio, Vilma Caballero Zabala, Luis Calderón Cumpa, Isabel Davalo Flores, Fredy Díaz Rosado, Liliana Fernández Rodríguez, Virginia García Sosa, Emiliano Huamán Estrella, Mabel Manrique Manrique, Sandra Pacheco Huamán, Magda Torres Castillo, Diego Espinoza La Matta, David Cruz Collantes | T13: 5 | U13: 0 | V13: 24 | W13: 0 | X13: 2023-0013080/20230013492 | Y13: POR REGULARIZAR
A14: 8 | B14: PER-BSII150133-009 | C14: R.D. N° 044-2023 DIGDOT/MINSA | D14: 44977 | E14: 45000 | F14: 5987 | G14: III-1 | H14: DIRIS LIMA SUR | I14: HOSPITAL MARIA AUXILIADORA | J14: SAN JUAN DE MIRAFLORES | K14: LIMA | L14: LIMA | M14: AVENIDA MIGUEL IGLESIAS N°968 | N14: MINSA | O14: M.C. LUÍS ENRIQUE VIZCARRA JARA | P14: lvizcarra@hma.gob.pe | Q14: M.C. ARCELIA MORAYMA MACEDO DOMINGUEZ | R14: CEL: 950165615 Lic. Juan | S14: M.C. Carmen Estacio Rojas – Medico Patólogo Clínico , M.C. – Katia Roxana Zuñiga Gómez , TM. Marybell Portuguez Sanchez ,TM. Luis Capcha Aguilar , TM. Marieta Timana Ancajima ,TM. Vilma Mercado Tunque , TM. María Manrique Candiotty ,TM. Petronila Julia Martínez Alban , TM. Jessica Aima Huallpa , TM. Yanina Berrocal Luna , TM. Renzo Montellano Rodríguez , TM. Christopher Toledo Gamonal , TM. Juan Auqui Sulca | T14: 2 | U14: 0 | V14: 11 | W14: 0 | X14: N° 2023-0007408 y N° 2023-0015262 | Y14: CLINICA SAGRADA FAMILIA, CENTRO MATERNO INFANTIL JOSE CARLOS MARIATEGUI, CLINICA BUENA AVENTURA, CLINICA SANTA JULIA, CLINICA LAURELES (PENDIENTE RENOVACIÓN)
A15: 9 | B15: PER-BSII130105-010 | C15: R.D. N° 047-2023 DIGDOT/MINSA | D15: 44978 | E15: 44988 | F15: 20925 | G15: III-E | H15: GERESA LA LIBERTAD | I15: HOSPITAL DE ALTA COMPLEJIDAD VIRGEN DE LA PUERTA | J15: LA ESPERANZA | K15: TRUJILLO | L15: LA LIBERTAD | M15: AV. REACTIVACION N° 2007 | N15: ESSALUD | O15: M.C. JAIME ALBERTO MONTOYA GONZALES | P15: jaime.montoya@essalud.gob.pe | Q15: DRA. AMALIA SILVA CHAVEZ | R15: CEL: 976 019 199 | S15: Médica Patóloga Clínica Amalia Silva Chavez, Medica Patologa Lesly Tacanga Espinoza, T.M. Henri Arauno Cartagena, T.M. Milagros Maco Leon, T.M. Edwin Fonseca Espinoza, T.M. Jessica Orbegoso Yparraguirre, T.M. Natali Morales Camacho | T15: 2 | U15: 0 | V15: 5 | W15: 0 | X15: 2023-0011509 | Y15: POR REGULARIZAR
A16: 10 | B16: PER-BSII150101-011 | C16: R.D. N° 066-2023 DIGDOT/MINSA | D16: 44992 | E16: 45003 | F16: 6206 | G16: III-1 | H16: DIRIS LIMA CENTRO | I16: NACIONAL DOS DE MAYO - HOSPITAL NACIONAL DOS DE MAYO | J16: LIMA | K16: LIMA | L16: LIMA | M16: Parque Historia de la Medicina Peruana s/n Altura cuadra 13 Av. Grau | N16: MINSA | O16: MC. VICTOR RAFAEL GONZALES PEREZ | P16: hdosdemayo@hotmail.com | Q16: HEMATOLOGO CARLOS ALBERTO DELGADO SILVA | R16: 99996616 | S16: TM: Marlene Jaen Cuellar Bautista, Guizado Pino Alberta Luisa, Gianina Susan Ballez Rojas, Fernando Cardenas Medina, Cardenas Teran Jesus, Santos Ccancco Gastelu, Amilcar de los Santos Cordova Garcia, Jose Enrique Ferrari Rivera, Blanca Leon Rondinel, Juan Ronald Llamocca Dominguez, Abraham Luna Flores, Gabriela del Rocío Manco Huamán, Elizabeth Perez Asto, Rodriguez Apolo Ana Maria, Marcela Edith Rodriguez Crisostomo | T16: 0 | U16: 1 | V16: 16 | W16: 0 | X16: N°2023-0023245; N°2023-0030750; N°2023-0035973; N°2023-0036400 | Y16: POR REGULARIZAR
A17: 11 | B17: PER-BSII150101-012 | C17: R.D. N° 082-2023 DIGDOT/MINSA | D17: 45015 | E17: 45028 | F17: 6207 | G17: III-1 | H17: DIRIS LIMA CENTRO | I17: HOSPITAL NACIONAL ARZOBISPO LOAYZA | J17: LIMA | K17: LIMA | L17: LIMA | M17: AV. ALFONSO UGARTE N° 848 | N17: MINSA | O17: MC. CARLOS HOMERO OTINIANO ALVARADO | P17: cotiniano@hospitalloayza.gob.pe | Q17: DR. VICTOR RAUL CAMPUZANO LEZAMA | R17: 991411737 | S17: Dra. Diana Aracely Salgado Ale, Dr. Tommy Djanggo Cruz, TM. Selene Bautista Salas, TM. Segundo Quintos Vivanco, TM. Luz Baca Curo, TM. Bertha Quilla Orihuela, TM. Carlos Trujillo Soto, Dr. Yenni Narcizo Susanibar, TM. Kimberly Vega Ardiles, TM. Maria Ramos Mansilla, TM. Zoila Altamirano Agreda, TM. Jose Oliva Menacho, TM. Jose Luis Cruz Villar, TM. Ruben Castillon Cueva | T17: 3 | U17: 0 | V17: 11 | W17: 0 | X17: N° 2023-0027987 / 2023-0033844 / 2023-0034143 / 2023-0044931 | Y17: POR REGULARIZAR | AA17: DEPARTAMENTO | AB17: CANTIDAD
A18: 12 | B18: PER-BSII180101-013 | C18: R.D. N° 094-2023 DIGDOT/MINSA | D18: 45035 | E18: 45042 | F18: 7732 | G18: II-2 | H18: DIRESA MOQUEGUA | I18: HOSPITAL REGIONAL DE MOQUEGUA | J18: MOQUEGUA | K18: MARISCAL NIETO | L18: MOQUEGUA | M18: Av. Bolívar S/N | N18: MINSA | O18: JOSE LUIS HORNA DONOSO | P18: jlhd@hotmail.com | Q18: GINA SHEILA GUILAR CASTRO | R18: 986600270 | S18: Jefe de Banco de Sangre Medico Patólogo: Dra. Gina Sheila Aguilar Castro, Tecnólogo Médico Especialista en Laboratorio clínico: Lic. Julia Maquera Maquera, Biólogo Percy Damián Pérez Mamani, Bióloga Joysen Torres Huaranca, Bióloga Patricia Aliaga Mamani, Biólogo Hemberly Velásquez Mamani, Bióloga Carmen Catalina Chávez Paliza, Técnico de Laboratorio, Tec. Eva Segura Vasquez, Tec. Nelly Huaquipaco Traverso, Tec. Escarle Valdez Mamani, Tec. Higor Castillo Cabina, Tec. Lucero Luz de Jesús Mayta Pino, Tec. Laura Apaza Ticona, Enfermera: Lic. Carmen Jiménez Pilco | T18: 1 | U18: 0 | V18: 1 | W18: 5 | X18: Expediente N° 2023-0017256, N° 2023-0037365 | Y18: POR REGULARIZAR | AA18: AREQUIPA | AB18: =COUNTIF($L$6:$L$597,AA18) -> 3
A19: 13 | B19: PER-BSII150122-014 | C19: R.D. N° 097-2023 DIGDOT/MINSA | D19: 45040 | E19: 45058 | F19: 19049 | G19: III-1 | H19: DIRIS LIMA CENTRO | I19: MEDIC SER SAC -AUNA CLINICA DELGADO | J19: MIRAFLORES | K19: LIMA | L19: LIMA | M19: AV. ANGAMOS OESTE 450-490 | N19: PRIVADO | O19: ELIO PAUL LUCCHESI VASQUEZ | P19: iperez@auna.pe | Q19: DRA. INA PEREZ HUAYNALAYA | R19: 975369497 | S19: Dra. INA PEREZ HUAYNALAYA PATOLOGA, Dra. LEISSY LOPEZ SALGUERO PATOLOGA, Dr. ALFREDO GOYTENDIA CORTEZ, Dra. VERALUCIA DE LA VEGA CUADROS PATOLOGA, Dr. ROMANO PISSANI GIL PATOLOGO, Dr. FARADI MURILLO LOPEZ PATOLOGA. TECNOLOGOS: TM JESUS ESTHER BERNAL TELLO, TM LILA PINO MELGAR, TM ANA MARIA LLANOS OCHOA, TM GARY DOMINGUEZ RIVAS , TM ZUZET CARDOSO ALVAREZ , TM KATIA HUERTA ANDRADE , TM JOSE LUIS SALAZAR CASTILLO, TM MILAGROS HIDALGO PUICON, TM JULIO CESAR COYOTUPAC LOPEZ, TM ROGER URQUIZA RODRIGUEZ, TM ANGEL VILLEGAS PEREZ, TM YAHAIRA ORTEGA CHAUCA, TM MARIA AROCUTIPA CCOPA, TM CAREN SALAZAR TELLO, TM CRISTIAN MANUEL CORTEZ MEDRANO, TM JAVIER ALFONSO REYNOSO FRANCIA , TM JOSE GRAZA FIGUEROA | T19: 6 | U19: 0 | V19: 16 | W19: 0 | X19: 2023-0045782 / 2023-0059287 | Y19: CLINICA AUNA SEDE VALLESUR , CLINICA AUNA SEDE BELLAVISTA, CLINICA AUNA SEDE PIURA, CLINICA AUNA SEDE CHICLAYO, CLINICA AUNA GUARDIA CIVIL | AA19: CAJAMARCA | AB19: =COUNTIF($L$6:$L$597,AA19) -> 2
A20: 14 | B20: PER-BSII10201-015 | C20: R.D. N° 118-2023 DIGDOT/MINSA | D20: 45071 | E20: 45076 | F20: 5044 | G20: II-1 | H20: DIRESA AMAZONAS | I20: HOSPITAL DE APOYO GUSTAVO LANATTA LUJAN | J20: BAGUA | K20: BAGUA | L20: AMAZONAS | M20: AV. HEROES DEL CENEPA N°980 | N20: MINSA | O20: YESPER SARAVIA DIAZ | P20: direccionhospitalbagua@gmail.com | Q20: DR. CARLOS E. CERVERA NORIEGA | R20: 976638360 | S20: Dr. Carlos E. Cervera Noriega, TM Yosuny Alvarado, TM. Davis Vasquez, TM Gelver, TM. Robert Alejandria, TM Ruth Avendaño, TM. Sara Valdivia | T20: 1 | U20: 0 | V20: 6 | W20: 0 | X20: 2023-0032090 / 2023-0036645 / 2023-0039528 / DIGDOT20230000144 / 2023-0036645 / 2023-0065314 / 2023-0092360 | Y20: POR REGULARIZAR | AA20: CALLAO | AB20: =COUNTIF($L$6:$L$597,AA20) -> 3
A21: 15 | B21: PER-BSII230103-016 | C21: R.D. N° 119-2023 DIGDOT/MINSA | D21: 45076 | E21: 45084 | F21: 10185 | G21: II-2 | H21: DIRESA TACNA | I21: HOSPITAL III DANIEL ALCIDES CARRION - SEGURO SOCIAL DE SALUD | J21: CALANA | K21: TACNA | L21: TACNA | M21: CARRETERA CALANA KM 6,5 | N21: ESSALUD | O21: DR LUIS BARRIENTOS MORALES-GERENTE | P21: luis.barrientos@essalud.gob.pe | Q21: M.C. ELIZABETH SUJEY PINO DEL PINO | R21: 952009045 | S21: - T.M. Hebert Hugo Quintana Rojas,T.M. Luisa Elizabeth Torres Ramos, T.M. José Johao Cayo Castillo, T.M. Julio Alejandro Viacava Zeballos, T.M. Irma Andrea Carrillo Ticona,T.M. Nalldy Fiorella Vizcarra Todco, T.M. Agripina Olinoa Condori Alejo. | T21: 1 | U21: 0 | V21: 7 | W21: 0 | X21: N° 2023-0042948, N° 2023-0057314, N° 2023-0090827 y N° 2023-0092833 | Y21: HOSPITAL BASE II MOQUEGUA | AA21: CUSCO | AB21: =COUNTIF($L$6:$L$597,AA21) -> 3
A22: 16 | B22: PER-BSII40101-017 | C22: R.D. N° 132-2023 DIGDOT/MINSA | D22: 45110 | E22: 45114 | F22: 13290 | G22: III-1 | H22: GERESA AREQUIPA | I22: SEGURO SOCIAL DE SALUD - HOSPITAL NACIONAL III-1 CARLOS ALBERTO SEGUÍN ESCOBEDO | J22: AREQUIPA | K22: AREQUIPA | L22: AREQUIPA | M22: Esquina Peral - El filtro S/N | N22: ESSALUD | O22: Miguel A. BARREDA DE LA CRUZ | P22: miguel.barreda@essalud.gob.pe | Q22: DRA. BUSTOS SALINAS LUZ OFELIA | R22: 966 361 694 | S22: DRA. LUZ BUSTOS SALINAS, TM. JOSE CARLOS MARTINES MONTES, TM CLELIA CORNEJO SORIA DE ARCE, TM DIANA HERRERA PAREDES, TM MILAGROS CHAVEZ VIZCARRA, BLG.Rossmary vera rivera, BLG. Susana Paredes Nuñez, BLG. Elizabeth Gallegos Calatayud, BLG. Malua Alarcon Valdivia, BLG. Obdulia Quispe Leon. | T22: 2 | U22: 0 | V22: 4 | W22: 5 | X22: 2023-0054323 / 2023-0065009 | Y22: HOSPITAL SAMUEL PASTOR | AA22: HUANCAVELICA | AB22: =COUNTIF($L$6:$L$597,AA22) -> 1
A23: 17 | B23: PER-BSII100101-018 | C23: R.D. N° 125-2023 DIGDOT/MINSA | D23: 45104 | E23: 45118 | F23: 754 | G23: II-2 | H23: DIRESA HUANUCO | I23: HOSPITAL REGIONAL HERMILIO VALDIZAN | J23: HUANUCO | K23: HUANUCO | L23: HUANUCO | M23: Jr. Hermilio Valdizan Nº959 | N23: MINSA | O23: M.C BENEDETTI PAVEL QUIÑOES | Q23: DR. HUANCA FALCON OLIMPO | R23: 962583625 | S23: TM. Mendoza Vilca Lucy, TM. Arratea Gallardo, TM. Collachagua Herrera Maykel, TM.Fajardo Guevara Dany | T23: 0 | U23: 1 | V23: 5 | W23: 0 | X23: 2023-0041139/ 2023-0092474 /2023-0112838 | Y23: CLINICA SANTA LUCILA CLINICA INTEGRAL | AA23: HUANUCO | AB23: =COUNTIF($L$6:$L$597,AA23) -> 2
A24: 18 | B24: PER-BSII60801-019 | C24: R.D. N° 135-2023 DIGDOT/MINSA | D24: 45121 | E24: 45127 | F24: 4210 | G24: II-2 | H24: DIRESA CAJAMARCA | I24: HOSPITAL GENERAL DE JAEN | J24: JAEN | K24: JAEN | L24: CAJAMARCA | M24: AVENIDA PAKAMUROS 1289 | N24: MINSA | O24: MC.DIANA BOLIVAR JOO | P24: directora medica: 999446421 | Q24: DR. OSCAR MITCHEL ZAPATA YAMUNAQUE | R24: 932122822 | S24: Médico patólogo Oscar Mitchel Zapata Yamunaque, Fernando Barboza. TM. John Eduardo Otiniano Moya, TM. Tatiana Diomar Chavez Orosco, TM. Rocio Del Milagro Chilon Riojas, TM.Cortez Sandoval Celedonio, TM. Nixon Heredia Castillo, TM. Yuri Adolfo Cruz, TM. Ana Maria Jimenez Torres , TM. Lucy Leydi Pinedo Tapia. Tec. lab Aurora Huaman Huayama, Tec. Rut Becerra Peña, Tec. Jose Luis Sanchez Santisteban, Tec.Doris Rosaly Ordoñez Peña, Tec. Ruly Garcia Olivera, Tec. Sheyla Anabel Polo Coronel , Tec. Santos Diaz Javier Percy | T24: 2 | U24: 0 | V24: 8 | W24: 0 | X24: N° 2023-0106043, 2023-0120069, 2023-0129398, DIGDOT20230000241 y 2023-0138693 | Y24: POR REGULARIZAR | AA24: ICA | AB24: =COUNTIF($L$6:$L$597,AA24) -> 2
A25: 19 | B25: PER-BSII70102-020 | C25: R.D. N° 137-2023 DIGDOT/MINSA | D25: 45131 | E25: 45145 | F25: 8265 | G25: III-1 | H25: DIRESA CALLAO | I25: HOSPITAL NACIONAL ALBERTO SABOGAL SOLOGUREN - RED ASISTENCIAL SABOGAL - ESSALUD | J25: BELLAVISTA | K25: CALLAO | L25: CALLAO | M25: Jirón Colina Nº 1081 | N25: ESSALUD | O25: M.C. Carmen Sara TERRAZAS OBREGON | P25: carmen.terrazas@essalud.gob.pe | Q25: M.C. JOSE LUIS HUERTO AGUILAR | R25: 961102649 | S25: Medico Patólogo Clínico: Jorge Ruiz Cotrina, Lic. Tecnólogos Médicos: Patricia Zarate, Luisa Almora, Jorge Camargo, Sara Moreno, Magdalena Cueva, David Cusi, Teresa Alvarez, Luis Meza, Elsa Punchin, Julie Montalvo, Carlos Sanchez, Edison Nina, Angel Esteban, Elva Pajuelo, Raquel Cubas, Margiori Gutierrez. | T25: 6 | U25: 0 | V25: 16 | W25: 0 | X25: 2023-0104915, 2023-0120169, 2023-0131812 | Y25: POR REGULARIZAR | AA25: JUNIN | AB25: =COUNTIF($L$6:$L$597,AA25) -> 4
A26: 20 | B26: PER-BSII150140-021 | C26: R.D. N° 153-2023 DIGDOT/MINSA | D26: 45166 | E26: 45166 | F26: 9988 | G26: III-1 | H26: DIRIS LIMA SUR | I26: CLINICA SAN PABLO S.A.C | J26: SANTIAGO DE SURCO | K26: LIMA | L26: LIMA | M26: CALLE LA CONQUISTA N° 145 URB . EL DERBY | N26: PRIVADO | O26: ABEL GARCIA VILLAFUERTE | P26: agarciav@sanpablo.com.pe | Q26: JACKELINE BALTA SOTO | R26: 999964951 | S26: TM: ARMANDO MORENO (CALIDAD), MARIA UCAÑAN, VICTOR AGUILAR, BRIAN CRISPIN, LIZBTH TARAZONA, ROSMEY HUAMANI, SHALON CHUQUIHUACCHA, OKIRO SAENZ, EDVIN SANTIAGO, TECNICOS LABORATORIO: NORMA CASTILLO, MICHAEL VASQUEZ, LUISA SILVA, BRIGITTE VILCHEZ, CAROL BURGA | T26: 2 | V26: 5 | W26: 0 | X26: N°2023-0145241,2023-0162860,2023-171263,20230171843 | Y26: CLINICA JESUS DEL NORTE, Clinica San Camilo | AA26: JUNÍN | AB26: =COUNTIF($L$6:$L$597,AA26) -> 0
A27: 21 | B27: PER-BSII150130-022 | C27: R.D. N° 152-2023 DIGDOT/MINSA | D27: 45166 | E27: 45166 | F27: 9886 | G27: III-1 | H27: DIRIS LIMA CENTRO | I27: NC: CLINICA SAN BORJA RS: LA ESPERANZA DEL PERU S.A | J27: SAN BORJA | K27: LIMA | L27: LIMA | M27: AV. GUARDIA CIVIL N°337 | N27: PRIVADO | O27: CARLOS MARTINEZ VARGAS TENORIO SANCHO DAVILA | P27: carlos.martinez@sanna.pe | Q27: AMPARO BEATRIZ GUILLEN LAZO | R27: 943466826 | S27: TM. Vania Laguna Paz (responsable de calidad), TM. Marielena Mostacero Castillo, TM.Ferrari Rivera, TM.Jonathan Velásquez Cuba. TM.Carlos Escala Soto, TM. Jhan Canales Loayza. TM. Yohana Cienfuegos Melado, TM.Ana Rodríguez Apolo, TM.Martin Díaz Quepuy, Luis Vargas Marchuca Vera, TM.Edson Abanto Izquierdo.TM. Luani Linares Masson. | T27: 2 | U27: 0 | V27: 12 | W27: 0 | X27: Expediente N° 2023-0061241, N° 2023-0032315, Nº2023-0061438, N°2023-0164883 | Y27: Razón social Callao Salud S.A.C. y nombre comercial Hospital Alberto Leonardo Barton Thompson, Clinica Santa Isabel, Clinica Alvarez, Medavan, CEFRA | AA27: LA LIBERTAD | AB27: =COUNTIF($L$6:$L$597,AA27) -> 4
A28: 22 | B28: PER-BSII150143-023 | C28: R.D. N° 167-2023 DIGDOT/MINSA | D28: 45191 | E28: 45201 | F28: 18580 | G28: II-2 | H28: DIRIS LIMA SUR | I28: RS: VILLA MARÍA DEL TRIUNFO S.A.C. NC: GUILLERMO KAELIN DE LA FUENTE | J28: VILLA MARÍA DEL TRIUNFO | K28: LIMA | L28: LIMA | M28: PUEBLO JOVEN NUEVA ESPERANZA Mz. 1B, SUBLOTE 1, PABELLÓN 1, CRUCE AV. 26 DE NOVIEMBRE CON AV. DEFENSORES DE LIMA | N28: APP | O28: DRA. CARLA UARIARTE ALAYZA (DIRECTOR MEDICO) | P28: patricia.leon@callaosalud.com.pe / 952795593 | Q28: Médico patologo clinico ROCIO VIVES RIVERO | R28: 946518303 | S28: Médico Patólogo Clínico asistente: Arcelia Morayma Macedo Domínguez. Lic. Tecnólogos Médicos (11): Richard Humberto Lima García, José Luis Espillco Herrera, Jacqueline Cáceres Morveli, Abraham Luna Flores, Aquiles Alexander Chihuana Arbieto, Licet Giannina García Julca, Feliciano Rodríguez Cenepo, Indhira Medalith Quispe Escalante, Anny Russvel Chávez Yacila, Sergio Efraín Arias Quispe y Luz Estefania Cárdenas Espinoza. | T28: 1 | U28: 1 | V28: 11 | W28: 0 | X28: Expedientes: 2023-0140999, N° 2023-01586041, N° 2023-0180842 | Y28: POR REGULARIZAR | AA28: LAMBAYEQUE | AB28: =COUNTIF($L$6:$L$597,AA28) -> 2
A29: 23 | B29: PER-BSII21809-024 | C29: R.D. N° 169-2023 DIGDOT/MINSA | D29: 45191 | E29: 45201 | F29: 1703 | G29: II-2 | H29: DIRESA ANCASH | I29: HOSPITAL ELEAZAR GUZMAN BARRON | J29: NUEVO CHIMBOTE | K29: SANTA | L29: ANCASH | M29: Av. Brasil s/n Urb. Santa Cristina | N29: MINSA | O29: CESAR AUGUSTO ACEVEDO ORELLANO | P29: mesadepartes@hegb.gob | Q29: M.C. Vásquez Sáenz Ruddy Jaqueline (refiere ya no es Jefa) | R29: 938708151 | S29: M.C. Vásquez Sáenz Ruddy Jaqueline 1. T.M. Matos Huaytan Cesar David., T.M. Zavaleta Vargas Gregoria Elena., T.M. Pereda Ruiz Jorge Junior, T.M. Liñan Gerrero Roberto Carlos., T.M. Heredia Martinez Marco Antonio,T.M. Alzamora Maldonado Candy Dolibet, T.M. Carbajal Valverde Diego Ian. | T29: 1 | U29: 0 | V29: 7 | W29: 0 | X29: N° 2023- 0170193, N° 2023- 0195403 y N° 2023- 0194973 | Y29: POR REGULARIZAR | AA29: LIMA | AB29: =COUNTIF($L$6:$L$597,AA29) -> 29
A30: 24 | B30: PER-BSII150101-025 | C30: R.D. N° 179-2023 DIGDOT/MINSA | D30: 45209 | E30: 45212 | F30: 6215 | G30: III-E | H30: DIRIS LIMA CENTRO | I30: HOSPITAL NACIONAL DOCENTE MADRE NIÑO SAN BARTOLOME | J30: LIMA | K30: LIMA | L30: LIMA | M30: AVENIDA ALFONSO UGARTE 825 | N30: MINSA | O30: ROCIO DE LAS MERCEDES LEON RODRIGUEZ | Q30: MC. PATOLOGO FANNY BENDEZU IBARRA | R30: 988 881 090 | S30: TM. Ricaldes Leiva Neli Marciana TM. Cardenas Huatuco Vianca Lizandra TM. Graciela Portillo LLnaco TM. Rocio Quea Mamani TM. Evert Segundo Suarez Obregón TM. Edward Julcamanyan Tantavilca TM. Magallanes Sebastian Martín Gaspar TM. Andres Lara Rodriguez TM. | T30: 1 | U30: 0 | V30: 8 | W30: 0 | X30: 2023-0167858, 2023-0178236 y 2023-0193605 | Y30: HOSPITAL CARLOS LANFRANCO LA HOZ | AA30: LORETO | AB30: =COUNTIF($L$6:$L$597,AA30) -> 2
A31: 25 | B31: PER-BSII150113-026 | C31: R.D. N° 180-2023 DIGDOT/MINSA | D31: 45209 | E31: 45211 | F31: 8720 | G31: III-2 | H31: DIRIS LIMA CENTRO | I31: HOSPITAL NACIONAL EDGARDO REBAGLIATI MARTINS | J31: JESUS MARIA | K31: LIMA | L31: LIMA | M31: JR. EDGARDO REBAGLIATI N°490 | N31: ESSALUD | O31: JUAN ALBERTO SANTILLANA CALLIRGOS | P31: juan.santillana@essalud.gob.pe | Q31: PATOLOGO CLINICO ARTUTO SAGASTEGUI SOTO | R31: 97582304 | S31: 1. TM JENNY MARLENE ALVARADO DURAN, 2. TM EDWIN AZAÑA ALONSO, 3. TM BEJAR VILELA ROSARIO, 4. TM YADIRA MIRTHA CALDERON ESPINOZA, 5. TM HENRY ADOLFO CAMPOS PAJUELO 6. TM WILLY MANUEL CERON TELLO, 7. TM BELINDA ROCIO CORDOVA CERVANTES, 8. TM JOSE MANUEL CORNEJO SALAZAR 9. TM CARLOS LUIS COSTILLA RIVERA, 10. TM CARLOS CRUZALEGUI FALCON 11. TM MARIA CLIMENE DAMACEN MELEDEZ, 12. TM REYNALDO ENCISO HUAMANI 13. TM ELIZABETH HUAMANI MOSCOL 14. TM JOSE VICENTE JARA VILA 15. TM ROSA MICAELA KAMIYA SHIBATA 16. TM LEYVA CARLOS ANITA DEL CARMEN, 17 TM MELENDEZ VERASTEGUI IVAN BENJAMIN, 18 TM LUIS ENRIQUE MENDOZA FIESTAS 19 TM JIMMY RINALDO MORALES DEL PINO 20 TM OBREGON HUAYTA MARGOT OLIVIA, 21 TM MARIO ANTONIO PAIVA CASTILLO 22 TM JOSE ANTONIO PAREDES ARRASCUE, 23 TM KARLA ALEXANDRA PAREDES GARCIA 24 TM PENALILLO PIMENTEL CARLOS ENRIQUE, 25 TM GUILLERMO VICTOR PEREZ HUIÑAC, 26 TM HECTOR ENRIQUE REYNA GARCIA 27 TM JORGE LUIS SANCHEZ ACEVEDO, 28 TM GIOVANNA ERIKA SANCHO PALOMINO, 29 TM SILVIA MONICA SANI SALAZAR 30 TM MARIA CECILIA SOTO VALDEZ, 31 TM TORRES ORTIZ RICARDO MARCEL 32 TM VILLENA SOSA, NELVI JOSSELY, 33 TM ROXANA ZAPATA COLLADO | T31: 1 | U31: 0 | V31: 33 | W31: 0 | X31: N° 2023-0184935, N°2023-0194587 | Y31: POR REGULARIZAR | AA31: PIURA | AB31: =COUNTIF($L$6:$L$597,AA31) -> 5
A32: 26 | B32: PER-BSII120101-027 | C32: R.D. N° 196-2023 DIGDOT/MINSA | D32: 45230 | E32: 45236 | F32: 753 | G32: III-E | H32: DIRESA JUNIN | I32: Hospital Regional Docente Clínico Quirúrgico Daniel Alcides Carrión de Huancayo | J32: HUANCAYO | K32: HUANCAYO | L32: JUNIN | M32: Av. Daniel Alcides Carrión 1552 – 1556 | N32: MINSA | O32: Jorge ROJAS AIRE | P32: danielalcidescarrion@hdachyo.gob.pe | Q32: PATOLOGO CLINICO Lorenzo Castro Germana | R32: 964609360 | S32: Lic. Kattian Gavino, Lic. Danna Terrazos,Lic. Tania Ingaruca,Lic. Silvia Guevara ,Lic. Frescia Chinchay ,Lic. Katherine Aguirre | T32: 3 | U32: 0 | V32: 6 | W32: 0 | X32: N°2023-0162979, 2023-0176061,2023-0182589, 2023-0200634, 2023-0211076 | Y32: POR REGULARIZAR | AA32: SAN MARTIN | AB32: =COUNTIF($L$6:$L$597,AA32) -> 1
A33: 27 | B33: PER-BSII120101-028 | C33: R.D. N° 193-2023 DIGDOT/MINSA | D33: 45219 | E33: 45219 | F33: 8652 | G33: III-1 | H33: DIRESA JUNIN | I33: Hospital Nacional Ramiro Priale Priale | J33: HUANCAYO | K33: HUANCAYO | L33: JUNIN | M33: Av. Independencia N°296 el Tambo | N33: ESSALUD | O33: JESUS EUGENIO BORJAS VELASQUEZ | Q33: Medico Patologo Clinico CHRISTIAAN FERNANDO CASTRO CONTRERAS | S33: TM. Angel Wilmer Rodriguez Quispe , TM. Eloy Nahum Huaman Francia, TM.Cortez Alejandro Juan, TM. Mandujano Yalico Fernando Ernesto, TM. Celso Segundo Cotrina Garces, TM. Angela Yauri Gutierrez y la TM. Laura Guicela Flores. | T33: 1 | U33: 0 | V33: 7 | W33: 0 | X33: Expedientes: Nº2023-0171125 N°2023-0196487, N° 2023-0203484 y 2023-0211666 | Y33: POR REGULARIZAR | AA33: TACNA | AB33: =COUNTIF($L$6:$L$597,AA33) -> 2
A34: 28 | B34: PER-BSII10101-029 | C34: R.D. N° 197-2023 DIGDOT/MINSA | D34: 45232 | E34: 45236 | F34: 4838 | G34: II-2 | H34: DIRESA AMAZONAS | I34: HOSPITAL REGIONAL VIRGEN DE FATIMA | J34: CHACHAPOYAS | K34: CHACHAPOYAS | L34: AMAZONAS | M34: PASAJE DANIEL ALCIDES CARRION N°440 | N34: MINSA | O34: Jorge Orestes Ojeda Torres | P34: direccion@hospitalvirgendefatima.gob.pe | Q34: Antonio José Espinoza medina (COMUNICO QUE YA NO ES JEFE) | R34: 981948633 | S34: T.M. Leiva Bustamante Yuliza, T.M. Lalangui Sarmiento Angela, T.M. Ramos Serrato Juan Carlos, T.M. Tocto DIaz Einer, T.M. Ramirez Agurto Ana | T34: 0 | U34: 1 | V34: 5 | W34: 0 | X34: 2023-0179226 / 2023-0192244 / 2023-0226364 / 023-0228894 | Y34: POR REGULARIZAR | AA34: UCAYALI | AB34: =COUNTIF($L$6:$L$597,AA34) -> 1
A35: 29 | B35: PER-BSII150131-030 | C35: R.D. N° 212-2023 DIGDOT/MINSA | D35: 45271 | E35: 45278 | F35: 9409 | G35: III-1 | H35: DIRIS LIMA CENTRO | I35: NC: CLINICA RICARDO PALMA, RS: ADMINISTRADORA CLINICA RICARDO PALMA S.A | J35: SAN ISIDRO | K35: LIMA | L35: LIMA | M35: AV.JAVIER PRADO ESTE 1038 | N35: PRIVADO | O35: JAIME EDUARDO MOYA GRANDE | P35: jmoya@crp.com.pe | Q35: Patologo clinico Manrique Castagnola Eddy Renzo | R35: 989264171 | S35: TM: Liz Magnolia Chirre Prada, Delgado Lopez John Jesus, Tiffany Liz Katherine Salas Licuona, Christopher Toledo Gamonal | T35: 1 | U35: 0 | V35: 4 | W35: 0 | X35: N° 2023-0205352, 2023-0202642, 2023-0221972, 2023-0240550 y 2023-0257707. | Y35: POR REGULARIZAR | AA35: MOQUEGUA | AB35: =COUNTIF($L$6:$L$597,AA35) -> 1
A36: 30 | B36: PER-BSII30101-031 | C36: R.D. N° 221-2023 DIGDOT/MINSA | D36: 45281 | E36: 45288 | F36: 7719 | G36: II-2 | H36: DIRESA APURIMAC | I36: Hospital Regional Guillermo Díaz de la Vega de Abancay | J36: ABANCAY | K36: ABANCAY | L36: APURIMAC | M36: AV. DANIEL ALCIDES CARRION S/N | N36: MINSA | O36: JESUS RAMON ARTEAGA PINAZO | P36: direcciongeneral@hrgdv.gob.pe | Q36: PATOLOGO CLINICO DIANIRA LEON SIERRA | R36: 983637581 | S36: TM: YORDY ANTONY AMAO SIERRA, EDINSON BORDA VILLCAS, ELSA YESMINA PRADA QUISP,RODRIGUEZ CCARHUAS ALICIA, NANCY ESTHER GARCIA RAYMONDI, ELVER ABEL CALLE QUISPE | T36: 1 | U36: 0 | V36: 6 | W36: 0 | X36: N° 2023-0191251, 2023-0210861 y 2023-0258968 | Y36: POR REGULARIZAR | AA36: ANCASH | AB36: =COUNTIF($L$6:$L$597,AA36) -> 3
A37: 31 | B37: PER-BSII30104-032 | C37: R.D. N° 220-2023 DIGDOT/MINSA | D37: 45281 | E37: 45288 | F37: 8108 | G37: II-1 | H37: DIRESA APURIMAC | I37: NC: HOSPITAL DIOSPI SUYANA, RS: ASOCIACION CIVIL RELIGIOSA DIOSPI SUYANA | J37: CURAHUASI | K37: ABANCAY | L37: APURIMAC | M37: SECTOR CCOCHARAY S/N | N37: PRIVADO | O37: KLAUS DIETER JOHN | P37: saludambiental@diospi-suyana.org | Q37: PATOLOGO CLINICO MARICELA CARMEN MOLLUNI BALCONA | R37: 910133952 | S37: TM: ADA APATRICIA ZARATE ANCHANTE, OLGA BERTHA ENCISO MEZA | T37: 1 | U37: 0 | V37: 2 | W37: 0 | X37: N° 2023-0218495, 2023-0226708 y 2023-0261548 | Y37: POR REGULARIZAR | AA37: AMAZONAS | AB37: =COUNTIF($L$6:$L$597,AA37) -> 2
A38: 32 | B38: PER-BSII80108-033 | C38: R.D. N° 001-2024 DIGDOT/ MINSA | D38: 45302 | E38: 45309 | F38: 10041 | G38: III-1 | H38: GERESA CUSCO | I38: NC: ADOLFO GUEVARA VELASCO, RS: SEGURO SOCIAL DE SALUD - ESSALUD | J38: WANCHAQ | K38: CUSCO | L38: CUSCO | M38: AV.ANSELMO ALVAREZ S/N | N38: ESSALUD | O38: JULIO CESAR ESPINOZA LATORRE | P38: julio.espinoza@essalud.gob.pe | Q38: PATOLOGO CLINICO MIRIAM ROCIO MIRANDA NUÑEZ | R38: 979722234 | S38: TM. MYRIAM LOURDES CORTEZ PANCORBO, TM. BECERRA MARTINEZ CAMILO, TM. CCOTO GAMARRA JIMMY CAROLINA, BLGO.NIDIA CANDIA ZAMALLOA, BLGP. NILA JURADO ABARCA, TM. CRUZ VILLACORTA OSCAR, TM. PATRICIA ROSARIO MAYTA FRANCIA , TM. ROSALIA CHAMPI QUISPE, MED. YURI LEONIDAS DE LEON OTAZU, MED.NADIA DEL CARPIO CUENTAS | T38: 3 | U38: 0 | V38: 6 | W38: 2 | X38: N° 2023-0240422 y 2023-0266444 | Y38: POR REGULARIZAR | AA38: TUMBES | AB38: =COUNTIF($L$6:$L$597,AA38) -> 1
A39: 33 | B39: PER-BSII150121-034 | C39: R.D. N° 216-2023-DIGDOT/MINSA | D39: 45279 | E39: 45281 | F39: 6211 | G39: III-1 | H39: DIRIS LIMA CENTRO | I39: HOSPITAL SANTA ROSA | J39: PUEBLO LIBRE | K39: LIMA | L39: LIMA | M39: AV. BOLIVAR CUADRA 8 S/N ESQUINA CON LA AVENIDA SUCRE | N39: MINSA | O39: CESAR WALTER HERRERA VIDAL | P39: cherrera@hsr.gob.pe | Q39: Luis Alberto Antonio Sánchez Ramírez | R39: 999644512 | S39: Médico Patólogo Clínico Asistente: Luis Alberto Antonio Sánchez Ramírez, TM. Katelin Lucía Liset Galindo Reyes, T.M. Stefhanie Rossemary Félix Arévalo, TM. Tania E. Soto Delgado, T.M. Tudela Leidi López Chistama, T.M. Vicenta Catalina Silva Quispe, T.M. Janett Torres Martínez, Técnico de Laboratorio Clínico Emilio Abrego Chauca | T39: 2 | U39: 0 | V39: 7 | W39: 0 | X39: Expedientes N° 2023-0167148, DIGDOT20230000352, DIGDOT20230000358 y 2023-0260693 | Y39: CLINICA LIMATAMBO SAN ISIDRO, CIRE INTERVENCIONISTAS | AA39: PUNO | AB39: =COUNTIF($L$6:$L$597,AA39) -> 3
A40: 34 | B40: PER-BSII120201-035 | C40: R.D. N° 026-2024-DIGDOT/MINSA | D40: 45404 | E40: 45405 | F40: 27857 | G40: II-E | H40: DIRESA JUNIN | I40: INSTITUTO REGIONAL DE ENFERMEDADES NEOPLÁSICAS CENTRO (IREN CENTRO) | J40: CONCEPCIÓN | K40: CONCEPCIÓN | L40: JUNIN | M40: AV. PROGRESO S/N | N40: MINSA | O40: ALEXANDER CHAVEZ HUAMAN | T40: 2 | U40: 0 | V40: 7 | W40: 0 | X40: (N° 2024-0002717, N°2024-0010741, N°2024-0040331, N° 2024-0066615, N° 2024-0079487 | Y40: POR REGULARIZAR | AA40: MADRE DE DIOS | AB40: =COUNTIF($L$6:$L$597,AA40) -> 1
A41: 35 | B41: PER-BSII150113-036 | C41: R.D. N° 042-2024-DIGDOT/MINSA | D41: 45475 | E41: 45481 | F41: 18011 | G41: III-E | H41: DIRIS LIMA CENTRO | I41: INSTITUTO NACIONAL CARDIOVASCULAR CARLOS ALBERTO PESCHIERA CARRILLO- INCOR- ESSALUD | J41: JESUS MARIA | K41: LIMA | L41: LIMA | M41: Jirón coronel Félix Zegarra N° 397-417-455-465-491-495 | N41: ESSALUD | O41: Frank Wallace BRITTO PALACIOS | P41: frank,britto@.gob.pe | Q41: PATOLOGO CLÍNICO JACKELINE NANCY MERCEDES BALTA SOTO | R41: 992774358 | S41: MEDICO PATOLOGO CLINICO: KATHY NELLY GUTIERREZ FERNANDEZ, LICENCIADOS TECNOLOGOS MÉDICOS: T.M. FERNANDO SARCO PALACIOS BUTRON,T.M. ALBERTO ANTONIO PEIXOTO VISE, T.M. VICTOR FELIPE VARGAS MENDOZA, T.M. JUAN JOSE MONTAÑEZ MEJÍA, T.M. FERNANDEZ FERNANDEZ VERONICA, T.M. CATHERINE LOPEZ CAURACURI, T.M. GIANNINA ELENA GUEVARA DIAZ. TECNICOS: CHUCHON MANRIQUE GLADYS MARIA , YRINA ZORAYA MONTES AREVALO, DIEGO ARMANDO CUMPEN SAAVEDRA, ISIS DALILA LA ROSA HUERTAS, CARMEN KACHAHUALLPA HUAMAN, | T41: 2 | U41: 0 | V41: 7 | W41: 0 | Y41: POR REGULARIZAR | AA41: APURIMAC | AB41: =COUNTIF($L$6:$L$597,AA41) -> 3
A42: 36 | B42: PER-BSII150103-037 | C42: R.D. N° 044-2024-DIGDOT/MINSA | D42: 45488 | E42: 45497 | F42: 33381 | G42: III-E | H42: DIRIS LIMA ESTE | I42: HOSPITAL DE LIMA ESTE VITARTE | J42: ATE | K42: LIMA | L42: LIMA | M42: AV. JOSE CARLOS MARIATEGUI N°364 | N42: MINSA | O42: CIRO LIBERATO RAMON | P42: Eaguila@hlev.gob.pe, Avillaorduna@hlev.gob.pe | Q42: PATOLOGO CLINICO KELLY VANESSA ALARCON PASTOR | R42: 983686579 | S42: PATOLOGOS CLINICOS: M.C. Yañez Rojas Federico Alberto. TECNOLOGOS MEDICOS: CARDENAS PEREA ALEXIS, CONDOR PACHECO ANDREA, HUISA RAMIREZ MICHELLE, SALVADOR MATURRANO HECTOR, PERALTA CAPARACHIN ROCIO, LEON CARLOS JHOSSELYN, CHUQUIN SALAS CLEIDERMAN, HERNANDEZ ALDANA CLAUDIA, CALDAS GUERRA JULIO, CRISPIN TINEO BRIAN, POMA GABINO PAULO, BARRIENTOS CCATAMAYO OLGA, TARAZONA LOYOLA LIZBETH, OLGUIN AMADO CAROLINA, CCASANI BARRIOS MELISSA, ROJAS SUYO KIOMI, AQUINO ALMENDRE JANET. TECNICOS LABORATORIO:CARRILLO VIVANVO RUTH, PAZ MOPRON GIULIANA, ROSARIO CHAUCA ALDO, SOTO YARASCA NILDA, MOQUILLAZA MACHACCA TATIANA, SILVA RODRIGUEZ RAY, SOTELDO GUTIERREZ MARBELYZ | T42: 3 | U42: 0 | V42: 17 | W42: 0 | X42: 2024-0125174, 2024-0143624, 2024-0156704 y 2024-0157562 | Y42: CLINICA MADRE ZORAIDA, CLINICA ONCOVIDA CASTE SOFT | AA42: AYACUCHO | AB42: =COUNTIF($L$6:$L$597,AA42) -> 1
A43: 37 | B43: PER-BSII150113-038 | C43: R.D. N° 060-2024 DIGDOT/ MINSA | D43: 45547 | E43: 45558 | F43: 13591 | G43: III-1 | H43: DIRIS LIMA CENTRO | I43: UNIDAD EJECUTORA 020: SANIDAD DE LA PNP - HOSPITAL PNP LUIS N SAENZ | J43: JESUS MARIA | K43: LIMA | L43: LIMA | M43: AVENIDA BRASIL CUADRA 26 S/N | N43: PNP | O43: MOISES SALVADOR ROJAS ARCOS | P43: dirsapol.hnlns.dir@policia.gob.pe | Q43: PATOLOGO CLINICO FELIX ASTORAYME ZAMORA (CAMBIO DE RESPONSABLE EXP: 2025-0261922) | R43: 976272400 | S43: MÉDICO ASISTENTE: TM CALLO CCANA (RESPONSABLE DE CALIDAD SEGUN EXP: 2025-0261922/ TELEFONO 947 263 806), LIC. TM. GISEL AGUILAR OCAÑA, LIC. T.M. MADELEINE HIDALGO VERGARAY, LIC. T.M. MADELEINE QUEZADA MIYASHIRO, LIC. TM. ROSA LUYO SANCHEZ, TM MORALES HURTADO, TM RIOS TERNERO, TM RAMOS MARTINES, TM MILAGROS CRISANTO, TM VANESA VEGA, TM JONATHAN VALENZUELA, TM ORLANDO CRISANTO, TM MARIO SOTO MENDOZA, TM LIZ LUICHO, TM IVAN POSSO SANTISTEBAN, M.C. WILLIAM FELIX ASTORAYME ZAMORA, | T43: 1 | U43: 0 | V43: 15 | W43: 0 | X43: 2024-0177608 Y 2024-0184008 | Y43: POR REGULARIZAR | Z43: 2025-0261922: CAMBIO DE RESPONSABLE DE BS AHORA ES MC CRISTIAN ASTORAYME, CAMBIO DE RESPONSABLE DE CALIDAD DE BS AHORA ES TM JOEL CAYO, CAMBIO DE EQUIPO DE INMUNOSEROLOGIA AHORA CUENTAN CON EL ARCHITECT I1000 | AA43: PASCO | AB43: =COUNTIF($L$6:$L$597,AA43) -> 1
A44: 38 | B44: PER-BSII160108-039 | C44: R.D. N° 057-2024 DIGDOT/ MINSA | D44: 45545 | E44: 45546 | F44: 11409 | G44: III-1 | H44: GERESA IQUITOS | I44: HOSPITAL III-1 IQUITOS -ESSALUD | J44: PUNCHANA | K44: MAYNAS | L44: LORETO | M44: AV. LA MARINA S/N | N44: ESSALUD | O44: JOSE ROBERTO RUIZ RIOS | P44: jose.ruizr@essalud.gob.pe | Q44: P.C. BESSY FERRERIRA YONG | R44: 965797781 | S44: LIC. T.M. JOSE A. RIOS CARBAJAL, LIC. T.M. EDSON D. CAMARGO RODRIGUEZ, LIC. T.M. FRANK JIMMY CORDOVA VASQUEZ, LIC. T.M. VICTOR A. SILVANO PÍZANGO, LIC. T.M. ZIGNIA LIZ AMAYA MURAYARI, LIC. T.M. LEIDY CHUPION GARCIA | T44: 2 | U44: 0 | V44: 6 | W44: 0 | X44: N°2024-0122279, N° 2024-0167056 Y N° 2024-0167056 | Y44: POR REGULARIZAR | AB44: =SUM(AB18:AB43) -> 82
A45: 39 | B45: PER-BSII150111-040 | C45: R.D. N° 058-2024 DIGDOT/ MINSA | D45: 45545 | E45: 45546 | F45: 5946 | G45: III-1 | H45: DIRIS LIMA ESTE | I45: HOSPITAL NACIONAL HIPOLITO UNANUE | J45: EL AGUSTINO | K45: LIMA | L45: LIMA | M45: AV CESAR VALLEJO 1390 | N45: MINSA | O45: MOISES EMRIQUE TAMBINI ACOSTA | P45: moises tambinia@hnhu,gob,pe | Q45: PATOLOGO CLINICO PRISCILLA KARINA ALTAMIRANO CACERES | R45: 995 618 888 | S45: Lic. Cristina Contreras ,Lic. Ana Diaz Yuto,Lic. Angelica Loyola Rodas,Lic. Adriana Castañeda,Lic. Karen Lengua Villar,Lic. Edwin Rojas Quispe,Lic. Gladys Mendoza,Lic. JacksonEscolástico, Lic. Luis Román Salvador,Lic. Yosely Tomas Ramos,Lic. Loymer Cotos Morales ,Lic. Kelly Arellano León,Lic. María Solis Gómez ,Lic. Myrian Llerena Pimentel,Lic. Carito Isla Trauco | T45: 1 | U45: 0 | V45: 15 | W45: 0 | X45: N° 2024-0191258, N° 2024-0202246 | Y45: POR REGULARIZAR
A46: 40 | B46: PER-BSII150105-041 | C46: R.D. N° 059-2024 DIGDOT/ MINSA | D46: 45546 | E46: 45546 | F46: 6216 | G46: III-2 | H46: DIRIS LIMA CENTRO | I46: INSTITUTO NACIONAL DE SALUD DEL NIÑO | J46: BREÑA | K46: LIMA | L46: LIMA | M46: AVENIDA BRASIL 600 | N46: MINSA | O46: CARLOS LUIS URBANO DURAND | P46: curbano@insn.gob.pe | Q46: PATOLOGA CLINICA PATRICIA SALOME RAMIREZ LUCAR | R46: 951892560 | S46: LIC. TM.EDISON OMAR ANCIETA RAMOS, LIC TM ROCIO DEL CARMEN BRUNO SANTOS, LIC.TM JAVIER RAFAEL CARO ZAMALLOA,LIC TM MIRTHA GIOVANA CONTRERAS ALIANO, LIC.TM MARIA EUGENIA CHIHUAN CHAVEZ,LIC.TM MIGUEL ANGEL ESCUDERO CASTILLO,LIC.TM ESMERALDA LIBERTAD FRANCO SORIANO.LIC TM CARMEN ROSA GOMEZ BENAVIDES, LIC.TM YANNINA MARISOL JESUS SUYBATE, LIC TM OMAR EDU LEYVA MINAYA,LIC TM MIRIAM JAQUELINE LUGO MENA, LIC TM LUZ RAQUEL LUZA MONTERO, LIC TM EVA MARGOHOT MASGO SALCEDO, LIC TM NORMA BEATRIZ MORALES PALOMINO, LIC.TM IMELDA BEATRIZ PAZ MONSALVE, LIC TM AMADOR RAYMUNDO SUAREZ, LIC TM ELISA YSABEL RIVERO GALLARDO, LIC TM LUZ ANGELICA ROJAS TRELLES, LIC TM CESAR GABRIEL JANAMPA GUZMAN. | T46: 4 | U46: 0 | V46: 19 | W46: 0 | X46: N° Exp: 2024- 0209356, 2024-0194748, 2024-0160400, 2024-0177573 | Y46: POR REGULARIZAR
A47: 41 | B47: PER-BSII50116-042 | C47: R.D. N° 062-2024 DIGDOT/ MINSA | D47: 45551 | E47: 45553 | F47: 35125 | G47: II-2 | H47: DIRESA AYACUCHO | I47: Hospital Regional de Ayacucho “Miguel Ángel Mariscal Llerena | J47: ANDRES AVELINO CACERES | K47: HUAMANGA | L47: AYACUCHO | M47: AV. DANIEL ALCIDES CARRION N°211 | N47: MINSA | O47: JIMMY HOMERO ANGO BENDRIÑANA | Q47: PATOLOGA CLINICA YIDI ZUÑIGA MEDINA | R47: 966648218 | S47: - Tecnólogo Médico: Carla Castillo Valverde. - Tecnólogo Médico: Arturo López Galvan. - Tecnólogo Médico: Miguel Beltran Mitma. - Tecnólogo Médico: Brajhan Fernandez Sulca. - Tecnólogo Médico: Ángel Llamacca Bendezu. - Tecnólogo Médico: Elmer Huarcaya Pizarro. - Biólogo: Aurora Alvarado Revilla. - Biólogo: Maria Aquino Janama. - Biólogo: Blanca Vilcapuma Martínez. - Biólogo: Sara Ramos Viacaba. - Biólogo: Marybel Laurente Chihuan. Biólogo: Corina Pino Villanueva. | T47: 1 | U47: 0 | V47: 6 | W47: 6 | X47: Expediente N°2024-0132174 y N°2024-0208873 | Y47: POR REGULARIZAR
A48: 42 | B48: PER-BSII190109-043 | C48: R.D. N° 070-2024 DIGDOT/ MINSA | D48: 45560 | E48: 45566 | F48: 9747 | G48: II-2 | H48: DIRESA PASCO | I48: HOSPITAL II PASCO | J48: SIMON BOLIVAR | K48: PASCO | L48: PASCO | M48: BARRIO BUENOS AIRES S/N | N48: ESSALUD | O48: MC Cesar Napa Sanchez | P48: enrique.cisneros@essalud.gob.pe' | Q48: Médico patólogo clínico Junior Henry Castillo Enriquez | R48: 958638111 | S48: TM. Luis Marcelo Brayton Ader, TM. Cadena Bonilla Carlos Noe, TM. Ricardo Placido Ruiz, TM Anali Vasquez Altamirano | T48: 1 | U48: 0 | V48: 4 | W48: 0 | X48: N° 2024- 0165330, N° 2024- 0196212, DIGDOT-DIBAN20240000298 y N° 2024- 0224136 | Y48: POR REGULARIZAR
A49: 43 | B49: PER-BSII150141-044 | C49: R.D. N° 076-2024 DIGDOT/ MINSA | D49: 45574 | E49: 45575 | F49: 6210 | G49: III-2 | H49: DIRIS LIMA CENTRO | I49: INSTITUTO NACIONAL DE ENFERMEDADES NEOPLÁSICAS | J49: SURQUILLO | K49: LIMA | L49: LIMA | M49: AV. ANGAMOS ESTE N° 2520 | N49: MINSA | O49: FRANCISCO BERROSPI ESPINOZA | P49: jefatura@inen.sld.pe | Q49: HEMATOLOGO LUIS ARGUMANIS SANCHEZ | R49: 999662448 | S49: TM JHAN CANALES, TM CACERES MOREVELI JACQUELINE, | T49: 4 | U49: 1 | V49: 36 | W49: 3 | X49: 2024-0204415 | Y49: POR REGULARIZAR
A50: 44 | B50: PER-BSII150110-045 | C50: R.D. N° 079-2024 DIGDOT/ MINSA | D50: 45574 | E50: 45576 | F50: 7634 | G50: III-1 | H50: DIRIS LIMA NORTE | I50: HOSPITAL SERGIO E BERNALES | J50: COMAS | K50: LIMA | L50: LIMA | M50: AV TUPAC AMARU KM 14,5 | N50: MINSA | O50: CESAR BALTAZAR MATEO | P50: dirección@hnseb.gob.pe | Q50: PATOLOGO CLINICO LILIANA MATOS ARANA | R50: 960254053 | S50: TM ZEBALLOS CONISLLA HOLGER, TM MENACHO RIVERA FREDDY, TM DIANA HERRERA UCAÑAN, TM DANTE HUERTA CAJALEON, TM ROMULO MACEDO ROJAS, TM KAREN CUADROS ROJAS | T50: 1 | U50: 0 | V50: 14 | W50: 7 | X50: N° 2024-0215230 | Y50: POR REGULARIZAR
A51: 45 | B51: PER-BSII150135-046 | C51: R.D. N° 075-2024 DIGDOT/ MINSA | D51: 45574 | E51: 45576 | F51: 7633 | G51: III-1 | H51: DIRIS LIMA NORTE | I51: HOSPITAL CAYETANO HEREDIA | J51: SAN MARTIN | K51: LIMA | L51: LIMA | M51: AV. HONORIO DELGADO N°262 URB. INGENIERIA | N51: MINSA | O51: SEGUNDO CECILIO ACHO MEGO | Q51: PATOLOGO CLINICOZOILA MARGARITA DEL CASTILLO ARANIBAR | R51: 957562639 | S51: - Tecnólogo Médico: Erik Sánchez tregear. - Tecnólogo Médico: Carlos Leyva Vásquez. - Tecnólogo Médico: yovera ancajima cleofe. - Tecnólogo Médico: Gladys inga Jesús. - Tecnólogo Médico: Luis Alberto inga Chavez. - Tecnólogo Médico: Richar lima Garcia - Tecnólogo Médico: Gianina Hilarión ñaupari - Tecnólogo Médico: Joel Lazaro Jácome. - Tecnólogo Médico: Maria Ortiz infante. - Tecnólogo Médico: Morayma arias guzmán. | T51: 2 | U51: 0 | V51: 10 | W51: 0 | X51: N°2024-0196559 y N°2024-0227495 | Y51: HOSPITAL CARLOS LANFRANCO LA HOZ
A52: 46 | B52: PER-BSII70102-047 | C52: R.D. N° 074-2024 DIGDOT/ MINSA | D52: 45574 | E52: 45576 | F52: 8266 | G52: III-1 | H52: DIRESA CALLAO | I52: CENTRO MEDICO NAVAL “CIRUJANO MAYOR SANTIAGO TÁVARA“-MARINA DE GUERRA DEL PERÚ | J52: BELLAVISTA | K52: CALLAO | L52: CALLAO | M52: Av. Venezuela S/N | N52: FFAA | O52: MANUEL LACA BARRERA | Q52: Médico patólogo clínico Vidal Hermoza María | R52: 998552174 | S52: TM. Olivera Pumayali Elisabeth., TM. Aquino Minaya Jose Carlos., TM. Rojas Condori Lourdes.. TM. Orderique Mogollón Miguel Angel. TM. Astoquilca Pimunchumo Luzmila. TM. Levano Vicente Marlene Judith. TM. Mamani Cruz Margarita. TM. Rojas Barreto Rosario. | T52: 1 | U52: 0 | V52: 8 | W52: 0 | X52: N° 2024- 0184563, DIGDOT-DIBAN2024000315 , N° 2024- 0207437, N° 2024- 0211776, N° 2024- 0223585, y N° 2024- 0231600 | Y52: POR REGULARIZAR
A53: 47 | B53: PER-BSII30201-048 | C53: R.D. N° 083-2024 DIGDOT/ MINSA | D53: 45582 | E53: 45586 | F53: 4131 | G53: II-2 | H53: DIRESA APURIMAC | I53: HOSPITAL SUB REGIONAL DE ANDAHUAYLAS | J53: ANDAHUAYLAS | K53: ANDAHUAYLAS | L53: APURIMAC | M53: JR.HUGO PESCE 180 | N53: MINSA | O53: BETTY SOLEDAD TORRES ARBIETO | Q53: PATOLOGO CLINICO ANTONIO JOSE ESPINOZA MEDINA | R53: 983 728 094 | S53: TM. CINTHYAM CASTRO AGÜERO , BLGOS: EDWIN ORTIZ GUISADO, YANET MARISOL CAMPOS DOMINGUEZ, CYNTHIA CAROL MADUEÑO MADUEÑO, GUTIERREZ MARTINEZ DAVID, EDITH SALAS PEREZ | T53: 1 | U53: 0 | V53: 1 | W53: 4 | X53: N° 2024-0187288, 2024-0196685, DIGDOT-DIBAN20240000317 y 2024-0235642 | Y53: POR REGULARIZAR
A54: 48 | B54: PER-BSII110101-049 | C54: R.D. N° 087-2024 DIGDOT/ MINSA | D54: 45582 | E54: 45586 | F54: 16374 | G54: II-2 | H54: DIRESA ICA | I54: Seguro Social de Salud, Nombre Comercial IV Augusto Hernandez Mendoza | J54: ICA | K54: ICA | L54: ICA | M54: AV. MATIAS MANZANILLA N°652 | N54: ESSALUD | O54: DR. MARIO VICUÑA RAMIREZ | Q54: DRA. PATRICIA HUARANGA MEDINA | R54: 956072070 | S54: - Tecnólogo Médico: Richard Ramírez Asurza. - Tecnólogo Médico: Alfredo Arones Hernandez. - Tecnólogo Médico: Carlos Díaz Ajalcriña. - Tecnólogo Médico: Milagros Maria Meléndez Stuart. - Tecnólogo Médico: Andrés Segundo Silva Ochoa. | T54: 2 | U54: 0 | V54: 5 | W54: 0 | X54: N°2024-0199295 y N°2024-0229545 | Y54: POR REGULARIZAR
A55: 49 | B55: PER-BSII200104-050 | C55: R.D. N° 101-2024 DIGDOT/ MINSA | D55: 45617 | E55: 45624 | F55: 15230 | G55: III-1 | H55: DIRESA PIURA | I55: HOSPITAL III JOSE CAYETANO HEREDIA | J55: CASTILLA | K55: PIURA | L55: PIURA | M55: AV. INDEPENDIENTE S/N | N55: ESSALUD | O55: GUIOVANNA MARIA WONG TERRONES | Q55: DRA KELLY VELASQUEZ TORRES | R55: 957235484 | S55: - Tecnólogo Médico: Jean Meca Ávila. - Tecnólogo Médico: Keyli Zurita Alejandro. - Tecnólogo Médico: Vania Miranda Sarango. - Tecnólogo Médico: Elizabeth Tincho Cruz. - Tecnólogo Médico: Carolina Zapata Castro. - Tecnólogo Médico: Chiroque Ruiz Brithy Rafaela. - Tecnólogo Médico: Alberto Paredes Briones | T55: 2 | U55: 0 | V55: 0 | W55: 7 | X55: N°2024-0206028 y N°2024-0241165 | Y55: POR REGULARIZAR
A56: 50 | B56: PER-BSII120301-051 | C56: R.D. N° 095-2024 DIGDOT/ MINSA | D56: 45604 | E56: 45614 | F56: 308 | G56: II-2 | H56: DIRESA JUNIN | I56: HOSPITAL REGIONAL DOCENTE DE MEDICINA TROPICAL DR. JULIO CESAR DEMARINE CARO | J56: CHANCHAMAYO | K56: CHANCHAMAYO | L56: JUNIN | M56: Av. Daniel Alcides Carrión S/N Pampa del Carmen | N56: MINSA | O56: DONY ALONSO MELGAR RUIZ | P56: mesadepartes@hdemarini.gob.pe | Q56: Julio Cesar Diaz Rouvirus | S56: Lic Marisela del Rocio Balestra Ayala,Lic Iris Elena Rojas Aguirre,Lic. Fresia Fiorella Perez de la Cruz,Lic. Elvis Helton Carhuachi Castro y Lic. Jessica fernandez Roman | T56: 1 | U56: 1 | V56: 5 | W56: 1 | X56: N° 2024-0110854, N° 2024-0241973 | Y56: POR REGULARIZAR
A57: 51 | B57: PER-BSII130101-052 | C57: R.D. N° 098-2024 DIGDOT/ MINSA | D57: 45604 | E57: 45614 | F57: 5195 | G57: III-1 | H57: GERESA LA LIBERTAD | I57: HOSPITAL BELEN DE TRUJILLO | J57: TRUJILLO | K57: TRUJILLO | L57: LA LIBERTAD | M57: JR. BOLIVAR N°350 | N57: MINSA | O57: DR. VICTOR J. FERNANDEZ GOMEZ | Q57: PATOLOGA CLINICA GIULIANA GARCIA LAZARO | R57: 952247147 | S57: - Tecnólogo Médico: Tamayo Rebaza Yonny. - Tecnólogo Médico: Salirrosas Rodríguez María. - Tecnólogo Médico: Benites Geldres Martha. - Tecnólogo Médico: Aguilar Rodríguez Marisela. - Tecnólogo Médico: Marquina Bazán Katherin. - Tecnólogo Médico: Cubas Alberca Nayme - Tecnólogo Médico: Espejo Valdez Yang Pierre. - Bióloga: Rodríguez Meléndez Martha | T57: 1 | U57: 7 | V57: 1 | W57: 0 | X57: N°2024-0213829 | Y57: POR REGULARIZAR
